Категория;Сложность;Вопрос;Варианты_ответов
География;Лёгкий;Столица Франции?;[Париж, Марсель, Лион, Тулуза]
География;Лёгкий;Столица Германии?;[Берлин, Мюнхен, Гамбург, Кёльн]
География;Лёгкий;Столица Японии?;[Токио, Осака, Киото, Саппоро]
География;Лёгкий;Столица Канады?;[Оттава, Торонто, Ванкувер, Монреаль]
География;Лёгкий;Столица Бразилии?;[Бразилиа, Рио‑де‑Жанейро, Сан‑Паулу, Салвадор]
География;Легкий;Столица Испании?;[Мадрид, Барселона, Севилья, Валенсия]
География;Легкий;Столица Италии?;[Рим, Милан, Неаполь, Турин]
География;Легкий;Столица Великобритании?;[Лондон, Манчестер, Бирмингем, Ливерпуль]
География;Легкий;Столица Китая?;[Пекин, Шанхай, Гуанчжоу, Шэньчжэнь]
География;Легкий;Столица Индии?;[Дели, Мумбаи, Калькутта, Бангалор]
География;Лёгкий; Столица Швеции?;[Стокгольм, Осло, Хельсинки, Копенгаген]
География;Лёгкий; Какая река протекает через Париж?;[Сена, Рейн, Луара, Гаронна]
География;Средний; Какое озеро самое глубокое в Африке?;[Танганьика, Виктория, Ньяса, Чад]
География;Средний; В какой стране находится гора Килиманджаро?;[Танзания, Кения, Эфиопия, Уганда]
География;Сложный; Через какие страны проходит река Меконг?;[Китай, Мьянма, Лаос, Вьетнам; Таиланд, Камбоджа, Филиппины, Индонезия; Малайзия, Сингапур, Бруней, Восточный Тимор; Индия, Бангладеш, Непал, Бутан]
География;Сложный; Какой пролив соединяет Средиземное море и Атлантический океан?;[Гибралтарский, Босфор, Дарданеллы, Суэцкий]
География;Средний;На каком материке нет постоянных жителей?;[Антарктида, Австралия, Африка, Южная Америка]
География;Средний;Какое море самое солёное?;[Мёртвое море, Красное море, Средиземное море, Карибское море]
География;Средний;Какой пролив разделяет Европу и Африку?;[Гибралтарский пролив, Босфор, Ла‑Манш, Малаккский пролив]
География;Средний;Самая длинная река в Европе?;[Волга, Дунай, Рейн, Эльба]
География;Средний;Самая высокая гора в Европе?;[Эльбрус, Монблан, Килиманджаро, Эверест]
География;Средний;Самое большое озеро в мире?;[Каспийское море, Байкал, Верхнее, Виктория]
География;Средний;Самое глубокое озеро в мире?;[Байкал, Танганьика, Верхнее, Виктория]
География;Средний;Самый большой материк?;[Евразия, Африка, Северная Америка, Южная Америка]
География;Сложный;Самый маленький материк?;[Австралия, Антарктида, Южная Америка, Африка]
География;Сложный;Как называется самая глубокая впадина на Земле?;[Марианский жёлоб, Жёлоб Пуэрто‑Рико, Зондский жёлоб, Филиппинский жёлоб]
География;Сложный;В какой стране находится самая высокая точка Южной Америки (Аконкагуа)?;[Аргентина, Чили, Перу, Боливия]
География;Сложный;Какое течение является самым мощным в Мировом океане?;[Гольфстрим, Течение Западных Ветров, Куросио, Калифорнийское течение]
География;Сложный;Какая страна имеет наибольшее количество часовых поясов?;[Франция, Россия, США, Великобритания]
География;Сложный;Самый большой архипелаг в мире?;[Индонезия, Филиппины, Япония, Греция]
География;Сложный;Самый длинный тоннель в мире?;[Готард, Ла-Манш, Сёё, Акира]
География;Сложный;Самый большой город по населению?;[Токио, Нью-Йорк, Шанхай, Дели]
География;Сложный;Самая большая пустыня в мире?;[Антарктида, Сахара, Гоби, Атакама]
История;Легкий;Кто был первым царём Руси?;[Игорь, Олег, Рюрик, Святослав]
История;Лёгкий; В каком году произошло падение Берлинской стены?;[1989, 1991, 1985, 1979]
История;Средний; Кто был лидером нацистской Германии?;[Адольф Гитлер, Бенито Муссолини, Иосиф Сталин, Франсиско Франко]
История;Средний; В каком году началась Первая мировая война?;[1914, 1917, 1939, 1941]
История;Сложный; Кто был последним российским императором?;[Николай II, Александр III, Пётр I, Павел I]
История;Сложный; В каком году был подписан Версальский договор?;[1919, 1920, 1918, 1921]
История;Легкий;Кто был первым императором России?;[Пётр I, Иван Грозный, Екатерина II, Николай I]
История;Легкий;В каком году была отмена крепостного права?;[1861, 1855, 1870, 1881]
История;Легкий;Кто был первым царём династии Романовых?;[Михаил Фёдорович, Пётр I, Николай I, Александр I]
История;Легкий;В каком году началась Отечественная война 1812 года?;[1812, 1805, 1814, 1820]
История;Средний;Кто был первым президентом России?;[Борис Ельцин, Владимир Путин, Дмитрий Медведев, Михаил Горбачёв]
История;Средний;В каком году была провозглашена Российская Федерация?;[1991, 1989, 1993, 1985]
История;Средний;Кто был первым космонавтом?;[Юрий Гагарин, Алексей Леонов, Нил Армстронг, Герман Титов]
История;Средний;В каком году началась Гражданская война в России?;[1917, 1918, 1920, 1922]
История;Средний;Кто был первым канцлером Германии?;[Отто фон Бисмарк, Вильгельм II, Гитлер, Шрёдер]
История;Сложный;В каком году была основана Москва?;[1147, 1150, 1200, 1250]
История;Сложный;Кто был первым великим князем Киевской Руси?;[Рюрик, Олег, Игорь, Святослав]
История;Сложный;В каком году было Крещение Руси?;[988, 954, 1054, 1000]
История;Сложный;Кто был первым императором Византии?;[Константин I, Юстиниан I, Феодосий I, Юлиан]
История;Сложный;В каком году пала Византийская империя?;[1453, 1492, 1204, 1380]
Наука;Легкий;Что такое H2O?;[Вода, Кислород, Водород, Углекислый газ]
Наука;Лёгкий; Какой газ необходим для дыхания?;[Кислород, Азот, Углекислый газ, Водород]
Наука;Лёгкий; Как называется процесс превращения жидкости в пар?;[Испарение, Конденсация, Замерзание, Плавление]
Наука;Средний; Какой элемент является основным в органических соединениях?;[Углерод, Кислород, Водород, Азот]
Наука;Средний; Как называется единица измерения электрического сопротивления?;[Ом, Вольт, Ампер, Ватт]
Наука;Сложный; Что такое фотосинтез?;[Процесс преобразования световой энергии в химическую, Процесс расщепления глюкозы, Процесс синтеза белков, Процесс деления клеток]
Наука;Сложный; Как называется процесс распада атомного ядра?;[Радиоактивный распад, Химическая реакция, Окисление, Восстановление]
Наука;Легкий;Сколько планет в Солнечной системе?;[8, 9, 7, 10]
Наука;Легкий;Какой газ преобладает в атмосфере Земли?;[Азот, Кислород, Углекислый газ, Аргон]
Наука;Легкий;Сколько зубов у взрослого человека?;[32, 30, 28, 34]
Наука;Легкий;Что такое лазер?;[Усиление света, Излучение света, Поглощение света, Отражение света]
Наука;Средний;Сколько костей в теле взрослого человека?;[206, 200, 210, 215]
Наука;Средний;Какой орган вырабатывает инсулин?;[Поджелудочная железа, Печень, Почки, Сердце]
Наука;Средний;Сколько пар хромосом у человека?;[23, 46, 22, 24]
Наука;Средний;Что такое гравитация?;[Сила притяжения, Сила отталкивания, Сила трения, Сила инерции]
Наука;Средний;Какой металл самый лёгкий?;[Литий, Алюминий, Магний, Натрий]
Наука;Сложный;Кто открыл радиоактивность?;[Мария Кюри, Альберт Эйнштейн, Нильс Бор, Вернер Гейзенберг]
Наука;Сложный;Что такое чёрная дыра?;[Область с сильной гравитацией, Звезда, Планета, Галактика]
Наука;Сложный;Какая частица не имеет массы?;[Фотон, Электрон, Протон, Нейтрон]
Наука;Сложный;Что такое квант?;[Минимальная порция энергии, Максимальная порция, Средняя порция, Средняя скорость]
Наука;Сложный;Какой закон описывает электромагнитную индукцию?;[Закон Фарадея, Закон Ома, Закон Кирхгофа, Закон Ампера]
Литература;Легкий;Кто написал «Гарри Поттера»?;[Дж. К. Роулинг, Стивен Кинг, Джордж Мартин, Лев Толстой]
Литература;Легкий;Кто написал «Мастер и Маргарита»?;[Михаил Булгаков, Александр Блок, Андрей Белый, Владимир Набоков]
Литература;Легкий;Кто написал «Войну и мир»?;[Лев Толстой, Фёдор Достоевский, Антон Чехов, Иван Тургенев]
Литература;Легкий;Кто написал «Преступление и наказание»?;[Фёдор Достоевский, Лев Толстой, Антон Чехов, Иван Тургенев]
Литература;Легкий;Кто написал «Анну Каренину»?;[Лев Толстой, Фёдор Достоевский, Антон Чехов, Иван Тургенев]
Литература;Средний;Кто написал «Божественную комедию»?;[Данте, Петрарка, Боккаччо, Гомер]
Литература;Средний;Кто написал «Гамлета»?;[Уильям Шекспир, Кристофер Марло, Джон Милтон, Джон Донн]
Литература;Средний;Кто написал «1984»?;[Джордж Оруэлл, Рэй Брэдбери, Герберт Уэллс, Айзек Азимов]
Литература;Лёгкий; Кто написал «Робинзона Крузо»?;[Даниэль Дефо, Джонатан Свифт, Чарльз Диккенс, Марк Твен]
Литература;Лёгкий; Кто автор «Одиссеи»?;[Гомер, Гесиод, Софокл, Еврипид]
Литература;Средний; Кто написал роман «Гордость и предубеждение»?;[Джейн Остин, Шарлотта Бронте, Эмили Бронте, Джордж Элиот]
Литература;Средний; Кто автор пьесы «Вишнёвый сад»?;[Антон Чехов, Максим Горький, Лев Толстой, Фёдор Достоевский]
Литература;Средний;Кто написал «Великий Гэтсби»?;[Фрэнсис Скотт Фицджеральд, Эрнест Хемингуэй, Джон Стейнбек, Уильям Фолкнер]
Литература;Средний;Кто написал «Мёртвые души»?;[Николай Гоголь, Михаил Булгаков, Александр Пушкин, Иван Тургенев]
Литература;Сложный;Кто написал «Братья Карамазовы»?;[Фёдор Достоевский, Лев Толстой, Антон Чехов, Иван Тургенев]
Литература;Сложный;Кто написал «Войну миров»?;[Герберт Уэллс, Рэй Брэдбери, Артур Кларк, Айзек Азимов]
Литература;Сложный;Кто написал «Портрет Дориана Грея»?;[Оскар Уайльд, Артур Конан Дойл, Редьярд Киплинг, Томас Харди]
Литература;Сложный;Кто написал «Улисс»?;[Джеймс Джойс, Вирджиния Вулф, Т. С. Элиот, Д. Х. Лоуренс]
Литература;Сложный;Кто написал «Сто лет одиночества»?;[Габриэль Гарсиа Маркес, Хорхе Луис Борхес, Марио Варгас Льоса, Пабло Неруда]
Музыка;Легкий;Сколько струн у скрипки?;[4, 5, 6, 3]
Музыка;Легкий;Сколько клавиш у фортепиано?;[88, 76, 96, 64]
Музыка;Легкий;Кто написал «Симфонию №5»?;[Бетховен, Моцарт, Бах, Шопен]
Музыка;Легкий;Какой инструмент называется «король инструментов»?;[Орган, Фортепиано, Скрипка, Труба]
Музыка;Легкий;Сколько голосов в хоре?;[4, 3, 5, 2]
Музыка;Средний;Кто основал группу The Beatles?;[Джон Леннон, Пол Маккартни, Джордж Харрисон, Ринго Старр]
Музыка;Средний;В каком году вышел альбом «Thriller» Майкла Джексона?;[1982, 1985, 1980, 1988]
Музыка;Средний;Кто написал «Четыре времени года»?;[Вивальди, Бах, Моцарт, Бетховен]
Музыка;Средний;Сколько голосов в оперном квартете?;[4, 3, 5, 2]
Музыка;Лёгкий; Сколько октав на стандартном фортепиано?;[7, 5, 6, 8]
Музыка;Лёгкий; Кто написал оперу «Кармен»?;[Жорж Бизе, Джузеппе Верди, Рихард Вагнер, Пётр Чайковский]
Музыка;Средний; Кто основатель группы The Beatles?;[Джон Леннон, Пол Маккартни, Джордж Харрисон, Ринго Старр]
Музыка;Средний; Кто написал «Лунную сонату»?;[Людвиг ван Бетховен, Вольфганг Амадей Моцарт, Иоганн Себастьян Бах, Фредерик Шопен]
Музыка;Сложный; Кто композитор балета «Лебединое озеро»?;[Пётр Чайковский, Игорь Стравинский, Сергей Прокофьев, Модест Мусоргский]
Музыка;Сложный; Кто написал симфонию № 40?;[Вольфганг Амадей Моцарт, Людвиг ван Бетховен, Франц Шуберт, Йозеф Гайдн]
Музыка;Средний;Какой музыкальный инструмент называется «король инструментов»?;[Орган, Фортепиано, Скрипка, Труба]
Музыка;Сложный;Кто написал симфонию №9 «Хоровая»?;[Бетховен, Моцарт, Брамс, Шуберт]
Музыка;Сложный;Кто написал «Времена года»?;[Вивальди, Бах, Гендель, Перголези]
Музыка;Сложный;Кто написал «Клятвопреступление»?;[Джузеппе Верди, Джакомо Пуччини, Риккардо Зандонаи, Амилкаре Понкьелли]
Музыка;Сложный;Кто написал «Свадьбу Фигаро»?;[Моцарт, Гайдн, Бетховен, Шуберт]
Музыка;Сложный;Кто написал «Кармен»?;[Жорж Бизе, Шарль Гуно, Джакомо Пуччини, Рихард Вагнер]
Кино;Легкий;Кто сыграл Джека в «Титанике»?;[Леонардо Ди Каприо, Брэд Питт, Том Круз, Джонни Депп]
Кино;Легкий;Как называется первая часть «Звёздных войн»?;[Эпизод IV, Эпизод I, Эпизод II, Эпизод III]
Кино;Легкий;Кто режиссёр «Крёстного отца»?;[Фрэнсис Форд Коппола, Стивен Спилберг, Мартин Скорсезе, Квентин Тарантино]
Кино;Легкий;Сколько «Оскаров» получил «Титаник»?;[11, 10, 9, 12]
Кино;Легкий;Кто снял фильм «Криминальное чтиво»?;[Квентин Тарантино, Гай Ричи, Дэвид Финчер, Райан Джонсон]
Кино;Средний;В каком году вышел первый «Звёздный путь» фильм?;[1979, 1975, 1982, 1985]
Кино;Средний;Кто сыграл Гарри Поттера в фильмах?;[Дэниел Рэдклифф, Руперт Гринт, Том Фелтон, Эмма Уотсон]
Кино;Средний;Кто режиссёр фильма «Начало»?;[Кристофер Нолан, Джеймс Кэмерон, Питер Джексон, Джордж Лукас]
Кино;Средний; В каком году вышел первый фильм «Звёздные войны»?;[1977, 1980, 1975, 1983]
Кино;Средний; Кто сыграл роль Нео в «Матрице»?;[Киану Ривз, Хьюго Уивинг, Лоренс Фишберн, Джозеф Гордон‑Левитт]
Кино;Сложный; Кто снял фильм «Побег из Шоушенка»?;[Фрэнк Дарабонт, Стивен Кинг, Квентин Тарантино, Мартин Скорсезе]
Кино;Средний;В каком году вышел первый фильм «Матрица»?;[1999, 1997, 2001, 1995]
Кино;Средний;Кто сыграл Железного человека?;[Роберт Дауни мл., Крис Эванс, Марк Руффало, Крис Хемсворт]
Кино;Сложный;Кто снял фильм «Апокалипсис сегодня»?;[Фрэнсис Форд Коппола, Стивен Спилберг, Джордж Лукас, Мартин Скорсезе]
Кино;Сложный;Кто снял фильм «2001 год: Космическая одиссея»?;[Стэнли Кубрик, Альфред Хичкок, Фрэнсис Форд Коппола, Стивен Спилберг]
Кино;Сложный;Кто снял фильм «Паразиты»?;[Пон Джун-хо, Акира Куросава, Ким Ки Дук, Ли Чхан Дон]
Кино;Сложный;Кто снял фильм «Бойцовский клуб»?;[Дэвид Финчер, Тодд Филд, Терри Гиллиам, Майкл Бэй]
Кино;Сложный;Кто снял фильм «Сияние»?;[Стэнли Кубрик, Альфред Хичкок, Уильям Фридкин, Джордж Ромеро]
Игры;Легкий;Как называется игра про злых птиц?;[Angry Birds, Candy Crush, Clash of Clans, Pokemon GO]
Игры;Легкий;Сколько игроков в Minecraft?;[Бесконечно, 10, 50, 100]
Игры;Легкий;Кто создал серию игр «The Legend of Zelda»?;[Нинтендо, Sony, Microsoft, EA]
Игры;Легкий;В каком году вышел первый «Grand Theft Auto»?;[1997, 1995, 2000, 1998]
Игры;Легкий;Как называется игра про выживание с крафтом?;[Minecraft, Terraria, Subnautica, Rust]
Игры;Средний;Кто разрабатывает серию «The Witcher»?;[CD Projekt Red, Ubisoft, Bethesda, BioWare]
Игры;Средний;Как называется игра про супергероев от Rockstar?;[Red Dead Redemption, GTA, Max Payne, Bully]
Игры;Средний;Кто создал игру «Doom»?;[id Software, Epic Games, Valve, Bungie]
Игры;Средний;Как называется игра про шахты и сокровища?;[Minecraft, Terraria, Don't Starve, Factorio]
Игры;Средний;В каком году вышла игра «The Last of Us»?;[2013, 2015, 2010, 2018]
Игры;Сложный;Кто создал игру «Minecraft»?;[Маркус Перссон, Нотч, Джефф, Крис]
Игры;Средний; Кто разработчик игры «The Witcher 3: Wild Hunt»?;[CD Projekt Red, Ubisoft, Bethesda, BioWare]
Игры;Средний; В каком году вышла игра «Red Dead Redemption 2»?;[2018, 2016, 2020, 2014]
Игры;Сложный; Кто создатель игры «Dark Souls»?;[FromSoftware, Capcom, Konami, Square Enix]
Игры;Сложный; Какая компания разработала игру «Fortnite»?;[Epic Games, Valve, Rockstar Games, Activision]
Игры;Сложный;Как называется игра про космические сражения от Microsoft?;[Halo, Gears of War, Fable, Age of Empires]
Игры;Сложный;Кто создал игру «Dark Souls»?;[FromSoftware, Capcom, Konami, Square Enix]
Игры;Сложный;Как называется игра про выживание в постапокалипсисе?;[Fallout, The Elder Scrolls, Skyrim, Oblivion]
Игры;Лёгкий; В какой игре нужно выживать и строить из блоков?;[Minecraft, Terraria, Subnautica, Don’t Starve]
Игры;Средний; Какая игра вдохновила жанр «soulslike»?;[Dark Souls, Bloodborne, Elden Ring, Demon’s Souls]
Игры;Сложный; Как называется движок, на котором сделана Half‑Life 2?;[Source, Unreal Engine, Unity, Frostbite]
Игры;Сложный; В какой игре впервые появилась механика «quick time events» (QTE)?;[Shenmue, Resident Evil 4, God of War, Heavy Rain]
Игры;Сложный; Какая игра считается первой полноценной 3D‑RPG?;[The Elder Scrolls: Arena, Ultima Underworld, Final Fantasy VII, Diablo]
Игры;Сложный; Какой персонаж Final Fantasy VII использует огромный меч «Бастер»?;[Клауд Страйф, Баррет Уоллес, Тифа Локхарт, Ред XIII]
Игры;Сложный; В какой игре действие происходит в постапокалиптическом мире, где люди живут под землёй?;[Metro 2033, Fallout 3, S.T.A.L.K.E.R., Dying Light]
Игры;Сложный; Какая студия создала серию Mass Effect?;[BioWare, Obsidian Entertainment, CD Projekt Red, Bethesda]
Игры;Сложный; В какой игре главный герой может «перематывать» время, чтобы избежать смерти?;[Prince of Persia: The Sands of Time, Dishonored, Control, Quantum Break]
Игры;Сложный; Какая игра стала первой в серии Call of Duty, посвящённой Второй мировой войне?;[Call of Duty (2003), Call of Duty 2, Call of Duty: World at War, Call of Duty: Vanguard]
Игры;Сложный; В какой игре игрок управляет агентом, который может «взламывать» сознание людей?;[Deus Ex, System Shock, BioShock, Prey]
Игры;Средний; В какой игре игроки сражаются за контроль над точками на карте в режиме «захват флага»?;[Team Fortress 2, Overwatch, Valorant, Counter‑Strike]
Игры;Средний; Какой персонаж из Street Fighter использует «хадукен»?;[Рю, Кен, Чун‑Ли, Бланка]
Игры;Средний; В какой игре впервые появился персонаж Солид Снейк?;[Metal Gear Solid, Splinter Cell, Deus Ex, Hitman]
Игры;Средний; Какая игра считается первой в жанре «королевской битвы»?;[PUBG, Fortnite, Apex Legends, Call of Duty: Warzone]
Игры;Средний; В какой игре используется механика «перекатывания» для уклонения от атак?;[Dark Souls, God of War, Assassin’s Creed, Horizon Zero Dawn]
Игры;Лёгкий; Какая игра известна своими «крафтами» и зомби-ночами?;[Minecraft, Roblox, Fortnite, Among Us]
Игры;Лёгкий; В какой игре игроки ищут предателя среди экипажа?;[Among Us, Fall Guys, Valorant, Apex Legends]
Игры;Лёгкий; Какая серия игр посвящена гонкам на картах?;[Mario Kart, Need for Speed, Forza Horizon, Gran Turismo]
Игры;Лёгкий; Кто главный герой серии игр The Legend of Zelda?;[Линк, Зельда, Ганондорф, Импа]
Игры;Лёгкий; В какой игре можно приручать покемонов?;[Pokemon GO, Animal Crossing, Stardew Valley, Terraria]
Игры;Лёгкий; Какой жанр у игры Tetris?;[Головоломка, Стратегия, RPG, Экшен]
Игры;Лёгкий; В какой игре есть «королевская битва» и строительство?;[Fortnite, PUBG, Call of Duty, Battlefield]
Игры;Лёгкий; Какая компания создала Super Mario?;[Nintendo, Sony, Microsoft, Sega]
Игры;Сложный;Кто создал игру «Half-Life»?;[Valve, Epic Games, id Software, BioWare]
Кулинария;Легкий;Из чего делают суши?;[Рис, Паста, Картофель, Баклажан]
Кулинария;Легкий;Какой фрукт используется для бананового хлеба?;[Банан, Яблоко, Груша, Апельсин]
Кулинария;Легкий;Что такое паста карбонара?;[Макароны с беконом и яйцом, Паста с томатным соусом, Паста с грибами, Паста с креветками]
Кулинария;Легкий;Какая специя придаёт жёлтый цвет рису?;[Шафран, Куркума, Паприка, Карри]
Кулинария;Легкий;Что такое суфле?;[Воздушный десерт, Суп, Салат, Мясо]
Кулинария;Средний;Какой сыр используется для пиццы Маргарита?;[Моцарелла, Пармезан, Чеддер, Гауда]
Кулинария;Средний;Из чего делают хумус?;[Нут, Фасоль, Чечевица, Горох]
Кулинария;Средний;Что такое тако?;[Мексиканское блюдо, Китайское блюдо, Индийское блюдо, Японское блюдо]
Кулинария;Средний;Какая рыба используется для сашими?;[Сырая рыба, Варёная рыба, Жареная рыба, Копчёная рыба]
Кулинария;Средний;Что такое ризотто?;[Итальянское блюдо из риса, Французское блюдо из картофеля, Испанское блюдо из пасты, Немецкое блюдо из мяса]
Кулинария;Сложный;Как называется японское блюдо из сырой рыбы?;[Сашими, Суши, Рамен, Темпура]
Кулинария;Сложный;Что такое фо-бо?;[Вьетнамский суп, Китайский суп, Японский суп, Корейский суп]
Кулинария;Сложный;Какой ингредиент используется для тирамису?;[Маскарпоне, Рикотта, Пармезан, Моцарелла]
Кулинария;Сложный;Что такое гуакамоле?;[Соус из авокадо, Соус из томатов, Соус из чеснока, Соус из перца]
Кулинария;Лёгкий; Из чего делают паэлью?;[Рис, Паста, Картофель, Кукуруза]
Кулинария;Лёгкий; Какой ингредиент является основным в гуакамоле?;[Авокадо, Помидоры, Чеснок, Перец]
Кулинария;Средний; Что такое равиоли?;[Итальянские пельмени, Французские пирожки, Испанские тапас, Греческие пироги]
Кулинария;Средний; Из чего делают соус песто?;[Базилик, Кедровые орехи, Пармезан, Оливковое масло; Помидоры, Чеснок, Базилик, Оливковое масло; Сливки, Грибы, Лук, Сыр; Лимон, Мёд, Горчица, Оливковое масло]
Кулинария;Сложный; Какое блюдо является традиционным для мексиканской кухни?;[Тако, Паэлья, Равиоли, Суши]
Кулинария;Сложный; Что такое тартар?;[Блюдо из сырого мяса, Запечённое мясо, Жареное мясо, Тушёное мясо]
Кулинария;Сложный;Как называется французский пирог с заварным кремом?;[Квеш, Тарт, Пон, Круассан]
Животные;Легкий;Сколько ног у паука?;[8, 6, 4, 10]
Животные;Легкий;Какой зверь самый быстрый?;[Гепард, Лев, Тигр, Леопард]
Животные;Легкий;Какая птица не умеет летать?;[Страус, Орёл, Сокол, Воробей]
Животные;Легкий;Сколько сердец у осьминога?;[3, 2, 4, 1]
Животные;Легкий;Какой зверь спит стоя?;[Лошадь, Корова, Свинья, Коза]
Животные;Средний;Какое животное имеет самый большой мозг?;[Кит, Слон, Человек, Дельфин]
Животные;Средний;Какая птица самая большая?;[Страус, Пингвин, Орёл, Аист]
Животные;Лёгкий; Какое животное является символом Австралии?;[Кенгуру, Коала, Вомбат, Ехидна]
Животные;Лёгкий; Какая птица является самой быстрой в полёте?;[Сокол‑сапсан, Орёл, Альбатрос, Стриж]
Животные;Средний; Какое животное может менять цвет кожи?;[Хамелеон, Игуана, Ящерица, Геккон]
Животные;Средний; Какое млекопитающее умеет летать?;[Летучая мышь, Белка‑летяга, Опоссум, Лемур]
Животные;Сложный; Какое животное имеет самую длинную продолжительность жизни?;[Гренландский кит, Слон, Черепаха, Осьминог]
Животные;Сложный; У какого животного самые большие глаза?;[Гигантский кальмар, Синий кит, Африканский слон, Жираф]
Животные;Средний;Сколько ног у краба?;[10, 8, 6, 12]
Животные;Средний;Какое животное самое высокое?;[Жираф, Слон, Лошадь, Олень]
Животные;Средний;Какая рыба самая большая?;[Китовая акула, Белая акула, Тунец, Лосось]
Животные;Сложный;Какое животное имеет самый большой мозг у беспозвоночных?;[Осьминог, Слон, Кит, Дельфин]
Животные;Сложный;Какая змея самая ядовитая?;[Тайпан, Кобра, Гремучая змея, Анаконда]
Животные;Сложный;Какое животное самое медленное?;[Ленивец, Черепаха, Улитка, Двухпалый ленивец]
Животные;Сложный;Сколько зубов у акул за всю жизнь?;[30000, 10000, 5000, 15000]
Животные;Сложный;Какое животное может жить без воды дольше всех?;[Верблюд, Тушканчик, Крыса, Мышь]
Космос;Легкий;Сколько планет в Солнечной системе?;[8, 9, 7, 10]
Космос;Легкий;Какая планета красная?;[Марс, Венера, Юпитер, Сатурн]
Космос;Легкий;Что такое чёрная дыра?;[Область с сильной гравитацией, Звезда, Планета, Галактика]
Космос;Легкий;Сколько времени свету от Солнца до Земли?;[8 минут, 5 минут, 10 минут, 15 минут]
Космос;Легкий;Какая галактика ближе всего к Млечному Пути?;[Андромеда, Треугольник, Сомбреро, Мессье]
Космос;Средний;Кто первый вышел в открытый космос?;[Алексей Леонов, Юрий Гагарин, Нил Армстронг, Базз Олдрин]
Космос;Средний;Какая планета самая большая?;[Юпитер, Сатурн, Уран, Нептун]
Космос;Средний;Сколько спутников у Земли?;[1, 2, 3, 4]
Космос;Средний;Какая планета имеет кольца?;[Сатурн, Юпитер, Уран, Нептун]
Космос;Средний;Что такое туманность?;[Облако газа и пыли, Звезда, Планета, Галактика]
Космос;Сложный;Кто был первым человеком в космосе?;[Юрий Гагарин, Нил Армстронг, Алексей Леонов, Герман Титов]
Космос;Сложный;Какая планета вращается «лежа на боку»?;[Уран, Нептун, Сатурн, Юпитер]
Космос;Сложный;Сколько звёзд в Млечном Пути?;[100-400 млрд, 50-100 млрд, 1-10 млрд, 1 трлн]
Космос;Сложный;Что такое пульсар?;[Нейтронная звезда, Чёрная дыра, Белый карлик, Красный гигант]
Космос;Сложный;Какая галактика столкнётся с Млечным Путём?;[Андромеда, Треугольник, Сомбреро, Мессье]
Физика;Легкий;Единица измерения силы тока?;[Ампер, Вольт, Ватт, Ом]
Физика;Лёгкий;Единица измерения напряжения?;[Вольт, Ампер, Ом, Ватт]
Физика;Лёгкий;Как называется процесс перехода вещества из твёрдого состояния в жидкое?;[Плавление, Кристаллизация, Испарение, Конденсация]
Физика;Лёгкий;Какой прибор измеряет силу тока?;[Амперметр, Вольтметр, Омметр, Барометр]
Физика;Лёгкий;Что распространяется в вакууме со скоростью 300 000 км/с?;[Свет, Звук, Тепло, Гравитация]
Физика;Лёгкий;Как называется сила, препятствующая движению одного тела по поверхности другого?;[Трение, Тяготение, Упругость, Архимедова сила]
Физика;Легкий;Какая сила притягивает предметы к Земле?;[Гравитация, Магнетизм, Электричество, Ядерная]
Физика;Легкий;Скорость звука в воздухе?;[340 м/с, 300 м/с, 400 м/с, 250 м/с]
Физика;Легкий;Что такое масса?;[Количество вещества, Сила, Вес, Объём]
Физика;Легкий;Кто открыл закон всемирного тяготения?;[Ньютон, Эйнштейн, Галилей, Кеплер]
Физика;Средний;Какая формула E=mc??;[Энергия, Сила, Масса, Скорость]
Физика;Средний;Что такое квант?;[Минимальная порция энергии, Максимальная порция, Средняя порция, Средняя скорость]
Физика;Средний;Что такое инерция?;[Свойство тела сохранять состояние покоя или равномерного движения, Сила притяжения, Процесс теплопередачи, Вид электромагнитного излучения]
Физика;Средний;Как называется передача тепла через движение жидкости или газа?;[Конвекция, Кондукция, Излучение, Диффузия]
Физика;Средний;Какой закон утверждает, что энергия не создаётся и не уничтожается, а только переходит из одной формы в другую?;[Закон сохранения энергии, Закон сохранения импульса, Закон всемирного тяготения, Закон Кулона]
Физика;Средний;Как называется явление отклонения света при переходе из одной среды в другую?;[Преломление, Отражение, Дифракция, Интерференция]
Физика;Средний;Какой закон описывает движение тел?;[Закон Ньютона, Закон Кеплера, Закон Ома, Закон Бойля]
Физика;Средний;Что такое энтропия?;[Мера беспорядка, Мера порядка, Мера скорости, Мера массы]
Физика;Средний;Какая единица измерения мощности?;[Ватт, Джоуль, Ньютон, Паскаль]
Физика;Сложный;Кто создал теорию относительности?;[Эйнштейн, Ньютон, Галилей, Максвелл]
Физика;Сложный;Что такое кварк?;[Элементарная частица, Атом, Молекула, Ион]
Физика;Сложный;Как называется процесс спонтанного распада атомных ядер?;[Радиоактивность, Ионизация, Термоядерная реакция, Аннигиляция]
Физика;Сложный;Что описывает уравнение Шрёдингера?;[Поведение квантовых систем, Движение планет, Распространение электромагнитных волн, Процессы в чёрных дырах]
Физика;Сложный;Какой эффект объясняет красное смещение спектральных линий удалённых галактик?;[Эффект Доплера, Эффект Комптона, Эффект Зеемана, Эффект Холла]
Физика;Сложный;Как называется состояние вещества, в котором атомы теряют свои электроны и образуется смесь ионов и электронов?;[Плазма, Конденсат Бозе‑Эйнштейна, Сверхтекучесть, Фермионный газ]
Физика;Сложный;Какая частица не имеет массы?;[Фотон, Электрон, Протон, Нейтрон]
Физика;Сложный;Что такое суперпозиция?;[Сложение волн, Разложение волн, Умножение волн, Деление волн]
Физика;Сложный;Какой закон описывает электромагнитную индукцию?;[Закон Фарадея, Закон Ома, Закон Кирхгофа, Закон Ампера]
Химия;Легкий;Какой газ поддерживает горение?;[Кислород, Азот, Водород, Углекислый]
Химия;Легкий;pH воды равен?;[7, 5, 9, 10]
Химия;Легкий;Какой металл жидкий при комнатной температуре?;[Ртуть, Свинец, Олово, Цинк]
Химия;Легкий;Кто создал периодическую таблицу?;[Менделеев, Бойль, Дальтон, Авогадро]
Химия;Средний;Сколько элементов в таблице Менделеева?;[118, 100, 120, 115]
Химия;Средний;Что такое изотоп?;[Вариант элемента, Вариант молекулы, Вариант атома, Вариант иона]
Химия;Средний;Какой газ самый лёгкий?;[Водород, Гелий, Азот, Кислород]
Химия;Средний;Что такое окисление?;[Потеря электронов, Приобретение электронов, Потеря протонов, Приобретение протонов]
Химия;Средний;Какой металл самый твёрдый?;[Хром, Железо, Медь, Алюминий]
Химия;Сложный;Кто открыл радиоактивность?;[Мария Кюри, Альберт Эйнштейн, Нильс Бор, Вернер Гейзенберг]
Химия;Сложный;Что такое аллотропия?;[Разные формы одного элемента, Разные элементы, Разные молекулы, Разные ионы]
Химия;Сложный;Какой элемент имеет символ Au?;[Золото, Серебро, Медь, Железо]
Химия;Сложный;Что такое катализатор?;[Вещество ускоряет реакцию, Вещество замедляет реакцию, Вещество не влияет, Вещество останавливает]
Химия;Сложный;Какой элемент самый электроотрицательный?;[Фтор, Хлор, Кислород, Азот]
Биология;Легкий;Сколько хромосом у человека?;[46, 23, 48, 44]
Биология;Легкий;Какая клетка самая большая?;[Яйцеклетка, Нейрон, Эритроцит, Лейкоцит]
Биология;Легкий;Что такое ДНК?;[Носитель генетической информации, Белок, Липид, Углевод]
Биология;Легкий;Сколько камер у сердца человека?;[4, 2, 3, 5]
Биология;Легкий;Кто открыл структуру ДНК?;[Уотсон и Крик, Мендель, Дарвин, Мечников]
Биология;Средний;Как называется процесс деления клетки?;[Митоз, Мейоз, Фагоцитоз, Осмос]
Биология;Средний;Какая ткань соединяет мышцы с костями?;[Сухожилие, Связка, Хрящ, Кость]
Биология;Средний;Сколько костей в теле взрослого человека?;[206, 200, 210, 215]
Биология;Средний;Какой орган фильтрует кровь?;[Почки, Печень, Сердце, Лёгкие]
Биология;Средний;Что такое фотосинтез?;[Процесс создания пищи растениями, Процесс дыхания, Процесс роста, Процесс размножения]
Биология;Сложный;Кто считается отцом генетики?;[Грегор Мендель, Чарльз Дарвин, Луи Пастер, Роберт Кох]
Биология;Сложный;Какая клетка производит антитела?;[B-лимфоциты, T-лимфоциты, Эритроциты, Тромбоциты]
Биология;Сложный;Что такое митохондрия?;[Энергетическая станция клетки, Ядро клетки, Рибосома, Лизосома]
Биология;Сложный;Какой гормон регулирует уровень сахара?;[Инсулин, Адреналин, Тестостерон, Эстроген]
Биология;Сложный;Сколько пар хромосом у человека?;[23, 46, 22, 24]
Спорт;Легкий;Сколько игроков в футбольной команде на поле?;[11, 10, 12, 9]
Спорт;Легкий;В каком виде спорта используется мяч?;[Футбол, Бокс, Плавание, Лыжи]
Спорт;Легкий;Где проходили первые Олимпийские игры?;[Афины, Рим, Париж, Лондон]
Спорт;Легкий;Сколько колец на олимпийском флаге?;[5, 6, 4, 7]
Спорт;Легкий;Кто держит рекорд по золотым медалям на Олимпиадах?;[Майкл Фелпс, Усэйн Болт, Лариса Латынина, Карл Льюис]
Спорт;Средний;В каком году Россия принимала Чемпионат мира по футболу?;[2018, 2014, 2022, 2010]
Спорт;Средний;Сколько минут в футбольном матче?;[90, 80, 100, 70]
Спорт;Средний;Какой спорт называют королём спорта?;[Футбол, Бокс, Лёгкая атлетика, Плавание]
Спорт;Средний;Где проходили Олимпийские игры 2008?;[Пекин, Лондон, Рио, Токио]
Спорт;Средний;Сколько очков за 3-очковый бросок в баскетболе?;[3, 2, 1, 4]
Спорт;Сложный;Кто держит рекорд по голам в карьере?;[Криштиану Роналду, Лионель Месси, Пеле, Марадона]
Спорт;Сложный;В каком году Россия принимала Олимпиаду?;[2014, 2018, 2012, 2016]
Спорт;Сложный;Какой вид спорта самый популярный в мире?;[Футбол, Баскетбол, Теннис, Крикет]
Спорт;Сложный;Сколько очков в теннисном сете?;[6, 5, 7, 4]
Спорт;Сложный;Кто выиграл больше всего «Золотых мячей»?;[Лионель Месси, Криштиану Роналду, Йохан Кройф, Мишель Платини]
Технологии;Легкий;Что означает аббревиатура WWW?;[World Wide Web, World Web Wide, Wide World Web, Web World Wide]
Технологии;Легкий;Кто основал Microsoft?;[Билл Гейтс, Стив Джобс, Илон Маск, Марк Цукерберг]
Технологии;Легкий;Какая операционная система от Apple?;[iOS, Android, Windows, Linux]
Технологии;Легкий;Что означает HTML?;[HyperText Markup Language, HighText Machine Language, HyperText Machine Language, HyperTool Markup Language]
Технологии;Легкий;Кто изобрел World Wide Web?;[Тим Бернерс-Ли, Билл Гейтс, Стив Джобс, Винт Серф]
Технологии;Средний;Какой чип используется в iPhone?;[A-серия, Snapdragon, Exynos, Kirin]
Технологии;Средний;Что такое блокчейн?;[Технология распределённого реестра, База данных, Облачное хранилище, Сервер]
Технологии;Лёгкий; Что означает аббревиатура Wi‑Fi?;[Wireless Fidelity, Wireless File, Wide Fidelity, Wireless Frequency]
Технологии;Средний; Что такое искусственный интеллект (ИИ)?;[Система, имитирующая человеческое мышление, Программа для обработки текста, Вид компьютерной сети, Тип процессора]
Технологии;Сложный; Какой алгоритм используется для шифрования данных в блокчейне?;[SHA‑256, RSA, AES, DES]
Технологии;Сложный; Что означает термин «нейронная сеть» в контексте ИИ?;[Математическая модель, имитирующая работу мозга, Сеть компьютеров, Вид базы данных, Протокол передачи данных]
Технологии;Сложный; Какая технология используется для создания виртуальных миров с эффектом погружения?;[VR (виртуальная реальность), AR (дополненная реальность), MR (смешанная реальность), 3D‑моделирование]
Технологии;Сложный; Что такое DevOps?;[Методология разработки и эксплуатации ПО, Язык программирования, Вид сервера, Сетевой протокол]
Технологии;Сложный; Какой тип памяти сохраняет данные даже при отключении питания?;[ROM, RAM, Cache, VRAM]
Технологии;Сложный; Что такое контейнеризация (в IT)?;[Технология упаковки и запуска приложений в изолированных средах, Вид облачного хранилища, Метод шифрования данных, Тип сетевого подключения]
Технологии;Сложный; Какой протокол используется для передачи электронной почты?;[SMTP, FTP, HTTP, SSH]
Технологии;Сложный; Что такое edge computing?;[Обработка данных ближе к источнику их создания, Вид облачной архитектуры, Метод шифрования, Тип процессора]
Технологии;Сложный; Какая технология позволяет создавать физические объекты из цифровых моделей?;[3D‑печать, Лазерная резка, ЧПУ‑обработка, Робототехника]
Технологии;Средний; Какой протокол используется для безопасной передачи данных в интернете?;[HTTPS, HTTP, FTP, SMTP]
Технологии;Средний; Что означает термин «биг дата» (Big Data)?;[Большие объёмы данных, Вид базы данных, Тип сервера, Метод шифрования]
Технологии;Средний; Какая технология лежит в основе криптовалют?;[Блокчейн, Облачные вычисления, Виртуальная реальность, Машинное обучение]
Технологии;Средний; Что такое IoT?;[Интернет вещей, Интернет организаций, Интерфейс операционных систем, Интегрированная операционная технология]
Технологии;Средний; Какой язык программирования чаще всего используется для создания мобильных приложений под Android?;[Java, Swift, C#, PHP]
Технологии;Средний; Что такое VPN?;[Виртуальная частная сеть, Вид облачного хранилища, Тип процессора, Протокол передачи данных]
Технологии;Средний; Как называется процесс восстановления данных после сбоя?;[Резервное копирование, Шифрование, Компиляция, Индексация]
Технологии;Средний; Что такое API?;[Интерфейс программирования приложений, Алгоритм передачи информации, Протокол аутентификации, Вид облачного сервиса]
Технологии;Средний; Какое устройство отвечает за обработку графики в компьютере?;[Видеокарта, Процессор, Оперативная память, Жёсткий диск]
Технологии;Лёгкий; Какое устройство используется для ввода текста в компьютер?;[Клавиатура, Мышь, Монитор, Принтер]
Технологии;Лёгкий; Какая компания создала операционную систему Windows?;[Microsoft, Apple, Google, IBM]
Технологии;Лёгкий; Как называется основной «мозг» компьютера, отвечающий за вычисления?;[Процессор, Видеокарта, Оперативная память, Жёсткий диск]
Технологии;Лёгкий; Какой формат файла обычно используется для изображений?;[JPEG, MP3, DOCX, PDF]
Технологии;Лёгкий; Что такое URL?;[Адрес веб‑страницы, Тип файла, Вид браузера, Сетевой протокол]
Технологии;Лёгкий; Какое устройство преобразует цифровую информацию в печатный вид?;[Принтер, Сканер, Монитор, Модем]
Технологии;Лёгкий; Какая технология позволяет подключать устройства без проводов на коротком расстоянии?;[Bluetooth, Ethernet, USB, HDMI]
Технологии;Лёгкий; Что такое облако (в контексте технологий)?;[Сервис хранения данных онлайн, Вид программного обеспечения, Тип процессора, Сетевая архитектура]
Технологии;Лёгкий; Какой язык программирования часто используется для веб‑разработки?;[JavaScript, C++, Python, SQL]
Технологии;Средний;Какая версия Windows самая популярная?;[Windows 10, Windows 7, Windows 11, Windows XP]
Технологии;Средний;Кто изобрёл транзистор?;[Бардин, Браттейн и Шокли, Эдисон, Тесла, Маркони]
Технологии;Средний;Что означает API?;[Application Programming Interface, Advanced Programming Interface, Application Process Interface, Advanced Process Interface]
Технологии;Сложный;Что это: Одна переменная не должна иметь несколько имён, ты либо имени даёшь полное владение данными, либо их клонируешь, либо явно передаёшь ссылку;[Концепция владения в языке rust, Принцип работы сборщика мусора в C#, Описание работы глобальных переменных, Концепция владения в языке Python]
Технологии;Сложный;Кто создал язык программирования Python?;[Гвидо ван Россум, Линус Торвальдс, Бьян Струструп, Джеймс Гослинг]
Технологии;Сложный;Что означает HTTP?;[HyperText Transfer Protocol, HighText Transfer Protocol, HyperText Transmission Protocol, HighText Transmission Protocol]
Технологии;Сложный;Какая компания владеет Android?;[Google, Apple, Microsoft, Samsung]
Технологии;Сложный;Что такое облачные вычисления?;[Использование удалённых серверов, Использование локальных серверов, Использование мобильных устройств, Использование спутников]
Технологии;Сложный;Кто создал Linux?;[Линус Торвальдс, Гвидо ван Россум, Бьян Струструп, Джеймс Гослинг]
География;Легкий;Столица Японии?;[Токио, Киото, Осака, Йокогама]
География;Легкий;Самая длинная река в Африке?;[Нил, Конго, Нигер, Замбези]
География;Легкий;Самый большой остров в мире?;[Гренландия, Австралия, Новая Гвинея, Борнео]
География;Легкий;Столица Германии?;[Берлин, Мюнхен, Гамбург, Франкфурт]
География;Легкий;Сколько континентов на Земле?;[6, 5, 7, 4]
География;Средний;Самая глубокая точка океана?;[Марианская впадина, Желоб Пуэрто-Рико, Желоб Тонга, Желоб Филиппин]
География;Средний;В какой стране находится Мачу-Пикчу?;[Перу, Боливия, Чили, Эквадор]
География;Средний;Самая большая страна по площади?;[Россия, Канада, Китай, США]
География;Средний;Столица Канады?;[Оттава, Торонто, Ванкувер, Монреаль]
География;Средний;Где находится остров Пасхи?;[Тихий океан, Атлантический океан, Индийский океан, Северный Ледовитый океан]
География;Сложный;Самый высокий водопад в мире?;[Анхель, Виктория, Игуасу, Ниагарский]
География;Сложный;В какой стране находится пустыня Атакама?;[Чили, Аргентина, Перу, Боливия]
География;Сложный;Столица Австралии?;[Канберра, Сидней, Мельбурн, Брисбен]
География;Сложный;Самый большой полуостров в мире?;[Аравийский, Индостан, Скандинавский, Аляска]
География;Сложный;Какая страна имеет больше всего озёр?;[Канада, Россия, Финляндия, США]
История;Легкий;В каком году закончилась Вторая мировая война?;[1945, 1941, 1939, 1950]
История;Легкий;Кто был первым императором Китая?;[Цинь Шихуанди, Конфуций, Чанг-ди, Ван-ди]
История;Легкий;В каком году началась Великая французская революция?;[1789, 1776, 1812, 1799]
История;Легкий;Кто открыл Америку?;[Христофор Колумб, Фернан Магеллан, Джеймс Кук, Васко да Гама]
История;Легкий;В каком году была изобретена бумага?;[II век до н.э., I век до н.э., II век н.э., I век н.э.]
История;Средний;Кто построил Вавилонскую башню?;[Согласно Библии, люди, Бог, Ангелы, Демон]
История;Средний;В каком году пала Константинополь?;[1453, 1492, 1204, 1380]
История;Средний;Кто был первым императором Рима?;[Октавиан Август, Юлий Цезарь, Нерон, Каллигула]
История;Средний;В каком году началась Столетняя война?;[1337, 1453, 1214, 1066]
История;Средний;Кто был лидером Советского Союза во время Второй мировой войны?;[Иосиф Сталин, Владимир Ленин, Никита Хрущёв, Леонид Брежнев]
История;Сложный;В каком году была принята Декларация независимости США?;[1776, 1789, 1812, 1775]
История;Сложный;Кто был первым канцлером объединённой Германии?;[Отто фон Бисмарк, Вильгельм II, Гитлер, Шрёдер]
История;Сложный;В каком году произошла Революция в России?;[1917, 1905, 1922, 1914]
История;Сложный;Кто был первым императором Византии?;[Константин I, Юстиниан I, Феодосий I, Юлиан]
История;Сложный;В каком году была отменена крепостное право в России?;[1861, 1855, 1870, 1881]
Наука;Легкий;Что такое H2O?;[Вода, Кислород, Водород, Углекислый газ]
Наука;Легкий;Сколько планет в Солнечной системе?;[8, 9, 7, 10]
Наука;Легкий;Какой газ преобладает в атмосфере Земли?;[Азот, Кислород, Углекислый газ, Аргон]
Наука;Легкий;Сколько зубов у взрослого человека?;[32, 30, 28, 34]
Наука;Легкий;Что такое лазер?;[Усиление света, Излучение света, Поглощение света, Отражение света]
Наука;Средний;Сколько костей в теле взрослого человека?;[206, 200, 210, 215]
Наука;Средний;Какой орган вырабатывает инсулин?;[Поджелудочная железа, Печень, Почки, Сердце]
Наука;Средний;Сколько пар хромосом у человека?;[23, 46, 22, 24]
Наука;Средний;Что такое гравитация?;[Сила притяжения, Сила отталкивания, Сила трения, Сила инерции]
Наука;Средний;Какой металл самый лёгкий?;[Литий, Алюминий, Магний, Натрий]
Наука;Сложный;Кто открыл радиоактивность?;[Мария Кюри, Альберт Эйнштейн, Нильс Бор, Вернер Гейзенберг]
Наука;Сложный;Что такое чёрная дыра?;[Область с сильной гравитацией, Звезда, Планета, Галактика]
Наука;Сложный;Какая частица не имеет массы?;[Фотон, Электрон, Протон, Нейтрон]
Наука;Сложный;Что такое квант?;[Минимальная порция энергии, Максимальная порция, Средняя порция, Средняя скорость]
Наука;Сложный;Какой закон описывает электромагнитную индукцию?;[Закон Фарадея, Закон Ома, Закон Кирхгофа, Закон Ампера]
Литература;Легкий;Кто написал «Гарри Поттера»?;[Дж. К. Роулинг, Стивен Кинг, Джордж Мартин, Лев Толстой]
Литература;Легкий;Кто написал «Мастер и Маргарита»?;[Михаил Булгаков, Александр Блок, Андрей Белый, Владимир Набоков]
Литература;Легкий;Кто написал «Войну и мир»?;[Лев Толстой, Фёдор Достоевский, Антон Чехов, Иван Тургенев]
Литература;Легкий;Кто написал «Преступление и наказание»?;[Фёдор Достоевский, Лев Толстой, Антон Чехов, Иван Тургенев]
Литература;Легкий;Кто написал «Анну Каренину»?;[Лев Толстой, Фёдор Достоевский, Антон Чехов, Иван Тургенев]
Литература;Средний;Кто написал «Божественную комедию»?;[Данте, Петрарка, Боккаччо, Гомер]
Литература;Средний;Кто написал «Гамлета»?;[Уильям Шекспир, Кристофер Марло, Джон Милтон, Джон Донн]
Литература;Средний;Кто написал «1984»?;[Джордж Оруэлл, Рэй Брэдбери, Герберт Уэллс, Айзек Азимов]
Литература;Средний;Кто написал «Великий Гэтсби»?;[Фрэнсис Скотт Фицджеральд, Эрнест Хемингуэй, Джон Стейнбек, Уильям Фолкнер]
Литература;Средний;Кто написал «Мёртвые души»?;[Николай Гоголь, Михаил Булгаков, Александр Пушкин, Иван Тургенев]
Литература;Сложный;Кто написал «Братья Карамазовы»?;[Фёдор Достоевский, Лев Толстой, Антон Чехов, Иван Тургенев]
Литература;Сложный;Кто написал «Войну миров»?;[Герберт Уэллс, Рэй Брэдбери, Артур Кларк, Айзек Азимов]
Литература;Сложный;Кто написал «Портрет Дориана Грея»?;[Оскар Уайльд, Артур Конан Дойл, Редьярд Киплинг, Томас Харди]
Литература;Сложный;Кто написал «Улисс»?;[Джеймс Джойс, Вирджиния Вулф, Т. С. Элиот, Д. Х. Лоуренс]
Литература;Сложный;Кто написал «Сто лет одиночества»?;[Габриэль Гарсиа Маркес, Хорхе Луис Борхес, Марио Варгас Льоса, Пабло Неруда]
Литература;Сложный;Какой писатель считается основоположником детективного жанра?;[Эдгар Аллан По, Артур Конан Дойл, Агата Кристи, Уилки Коллинз]
Литература;Сложный;Кто автор пьесы «В ожидании Годо»?;[Сэмюэль Беккет, Эжен Ионеско, Жан-Поль Сартр, Фридрих Дюрренматт]
Литература;Сложный;Какое произведение начинается фразой «Все счастливые семьи похожи друг на друга…»?;[«Анна Каренина», «Война и мир», «Братья Карамазовы», «Отцы и дети»]
Искусство;Легкий;Кто написал «Мона Лизу»?;[Леонардо да Винчи, Микеланджело, Рафаэль, Донателло]
Литература;Лёгкий; Как зовут главного героя романа «Преступление и наказание»?;[Родион Раскольников, Евгений Онегин, Пьер Безухов, Григорий Печорин]
Литература;Средний; Как называется цикл рассказов Тургенева, в который входит «Бежин луг»?;[«Записки охотника», «Миргород», «Вечера на хуторе близ Диканьки», «Петербургские повести»]
Литература;Средний; Какой герой Лермонтова носит на себе «печать проклятия»?;[Печорин, Демон, Мцыри, Арбенин]
Литература;Средний; В каком произведении Гоголя фигурирует Чичиков?;[«Мёртвые души», «Ревизор», «Шинель», «Тарас Бульба»]
Литература;Средний; Кто написал пьесу «Вишнёвый сад»?;[Антон Чехов, Максим Горький, Александр Островский, Лев Толстой]
Литература;Средний; Какое произведение Пушкина посвящено Пугачёвскому восстанию?;[«Капитанская дочка», «Дубровский», «Повести Белкина», «Борис Годунов»]
Литература;Средний; Кто из героев «Войны и мира» произносит фразу «Надо жить, надо любить, надо верить»?;[Пьер Безухов, Андрей Болконский, Наташа Ростова, Марья Болконская]
Литература;Средний; Как зовут героиню романа Тургенева «Дворянское гнездо»?;[Лиза Калитина, Елена Стахова, Ася, Анна Одинцова]
Литература;Средний; Кто автор стихотворения «Парус»?;[Михаил Лермонтов, Александр Пушкин, Фёдор Тютчев, Василий Жуковский]
Литература;Средний; В каком жанре написано произведение Гоголя «Шинель»?;[Повесть, Рассказ, Роман, Новелла]
Литература;Сложный; Кто является прототипом образа Базарова в романе «Отцы и дети»?;[Николай Добролюбов, Виссарион Белинский, Александр Герцен, Дмитрий Писарев]
Литература;Сложный; В каком году был впервые опубликован роман Достоевского «Преступление и наказание»?;[1866, 1868, 1870, 1864]
Литература;Сложный; Какой литературный приём используется в названии романа «Война и мир»?;[Антитеза, Метафора, Гипербола, Олицетворение]
Литература;Сложный; Кто из русских писателей был осуждён на каторгу за участие в кружке Петрашевского?;[Фёдор Достоевский, Михаил Салтыков‑Щедрин, Николай Некрасов, Иван Тургенев]
Литература;Сложный; Как называется поэма Блока, посвящённая революции 1917 года?;[«Двенадцать», «Скифы», «Возмездие», «Балаганчик»]
Литература;Сложный; Какое произведение Булгакова имеет подзаголовок «Роман о дьяволе»?;[«Мастер и Маргарита», «Белая гвардия», «Собачье сердце», «Роковые яйца»]
Литература;Сложный; Кто написал повесть «Котлован»?;[Андрей Платонов, Михаил Булгаков, Евгений Замятин, Борис Пастернак]
Литература;Сложный; Какой поэт является представителем акмеизма?;[Анна Ахматова, Александр Блок, Владимир Маяковский, Сергей Есенин]
Литература;Сложный; В каком произведении Салтыкова‑Щедрина фигурирует город Глупов?;[«История одного города», «Господа Головлёвы», «Пошехонская старина», «Дикий помещик»]
Литература;Сложный; Кто автор романа «Доктор Живаго»?;[Борис Пастернак, Михаил Шолохов, Александр Фадеев, Константин Симонов]
Литература;Лёгкий; Кто автор сказки «Золотой ключик, или Приключения Буратино»?;[Алексей Толстой, Корней Чуковский, Самуил Маршак, Николай Носов]
Литература;Лёгкий; Какое произведение начинается словами «Мой дядя самых честных правил…»?;[«Евгений Онегин», «Мёртвые души», «Герой нашего времени», «Горе от ума»]
Литература;Лёгкий; Кто написал стихотворение «Я помню чудное мгновенье…»?;[Александр Пушкин, Михаил Лермонтов, Фёдор Тютчев, Афанасий Фет]
Литература;Лёгкий; Как звали собаку в рассказе Чехова «Каштанка»?;[Каштанка, Белка, Стрелка, Жучка]
Литература;Лёгкий; Какой жанр у произведения «Ревизор» Гоголя?;[Комедия, Трагедия, Повесть, Роман]
Литература;Лёгкий; Кто такой Балда в сказке Пушкина?;[Работник, Царь, Солдат, Волшебник]
Литература;Лёгкий; В какой сказке есть персонаж Кощей Бессмертный?;[«Царевна‑лягушка», «Гуси‑лебеди», «Колобок», «Теремок»]
Литература;Лёгкий; Кто написал «Муму»?;[Иван Тургенев, Лев Толстой, Антон Чехов, Максим Горький]
Искусство;Легкий;В каком музее находится «Мона Лиза»?;[Лувр, Эрмитаж, Метрополитен, Прадо]
Искусство;Лёгкий;Кто создал скульптуру «Давид»?;[Микеланджело, Леонардо да Винчи, Рафаэль, Донателло]
Искусство;Лёгкий;Какой цвет получается при смешении красного и жёлтого?;[Оранжевый, Зелёный, Фиолетовый, Коричневый]
Искусство;Лёгкий;Как называется картина с изображением природы?;[Пейзаж, Портрет, Натюрморт, Абстракция]
Искусство;Лёгкий;Какой инструмент чаще всего используют для рисования?;[Карандаш, Кисть, Фломастер, Мел]
Искусство;Лёгкий;Как называется искусство создания объёмных произведений из камня, дерева или металла?;[Скульптура, Живопись, Графика, Архитектура]
Искусство;Легкий;Кто написал «Ночь над звёздным небом»?;[Ван Гог, Пикассо, Дали, Моне]
Искусство;Легкий;В каком стиле работал Пикассо?;[Кубизм, Реализм, Импрессионизм, Романтизм]
Искусство;Легкий;Кто написал «Четыре времени года»?;[Вивальди, Бах, Моцарт, Бетховен]
Искусство;Средний;Где находится Сикстинская капелла?;[Ватикан, Флоренция, Рим, Венеция]
Искусство;Средний;Кто написал «Девушку с жемчужной серёжкой»?;[Ян Вермеер, Рембрандт, Франс Халс, Питер Пауль Рубенс]
Искусство;Средний;Кто написал картину «Поцелуй»?;[Густав Климт, Эдвард Мунк, Поль Гоген, Винсент Ван Гог]
Искусство;Средний;В каком архитектурном стиле построен собор Парижской Богоматери?;[Готика, Романский, Барокко, Классицизм]
Искусство;Средний;Кто создал скульптуру «Мыслитель»?;[Огюст Роден, Антонио Канова, Микеланджело, Альберто Джакометти]
Искусство;Средний;Какой художник известен своими «водяными лилиями»?;[Клод Моне, Эдгар Дега, Пьер-Огюст Ренуар, Эдуард Мане]
Искусство;Средний;Как называется техника живописи водяными красками?;[Акварель, Масло, Гуашь, Темпера]
Искусство;Средний;Кто написал «Крик»?;[Эдвард Мунк, Густав Климт, Поль Гоген, Винсент Ван Гог]
Искусство;Средний;Кто написал «Гернику»?;[Пабло Пикассо, Сальвадор Дали, Жоан Миро, Виллем де Кунинг]
Искусство;Средний;Кто написал «Последний суд»?;[Микеланджело, Леонардо да Винчи, Рафаэль, Донателло]
Искусство;Сложный;Кто написал «Звёздную ночь над Роной»?;[Винсент Ван Гог, Поль Гоген, Клод Моне, Огюст Ренуар]
Искусство;Сложный;Кто написал «Девушку с веером»?;[Пьер Огюст Ренуар, Клод Моне, Эдуард Мане, Гюстав Курбе]
Искусство;Сложный;Кто написал «Сон»?;[Пабло Пикассо, Сальвадор Дали, Жоан Миро, Марк Шагал]
Искусство;Сложный;Кто написал «Постоянство памяти»?;[Сальвадор Дали, Рене Магритт, Макс Эрнст, Жоан Миро]
Искусство;Сложный;Кто создал фреску «Сотворение Адама» в Сикстинской капелле?;[Микеланджело, Рафаэль, Леонардо да Винчи, Боттичелли]
Искусство;Сложный;Кто написал картину «Олимпия»?;[Эдуард Мане, Клод Моне, Пьер-Огюст Ренуар, Эдгар Дега]
Искусство;Сложный;Кто является основоположником супрематизма?;[Казимир Малевич, Василий Кандинский, Пабло Пикассо, Сальвадор Дали]
Искусство;Сложный;Как называется стиль, в котором предметы изображаются в виде геометрических форм?;[Кубизм, Сюрреализм, Импрессионизм, Экспрессионизм]
Искусство;Сложный;Кто создал картину «Авиньонские девицы»?;[Пабло Пикассо, Жорж Брак, Фернан Леже, Хуан Грис]
Искусство;Сложный;Кто написал «Венеру Милосскую»?;[Александр из Антиохии, Микеланджело, Леонардо да Винчи, Рафаэль]
Музыка;Легкий;Сколько струн у гитары?;[6, 5, 7, 4]
Музыка;Легкий;Какой инструмент имеет клавиши?;[Фортепиано, Скрипка, Гитара, Труба]
Музыка;Легкий;Кто написал «Лунную сонату»?;[Бетховен, Моцарт, Бах, Шопен]
Музыка;Легкий;Сколько нот в диатонической гамме?;[7, 8, 6, 5]
Музыка;Легкий;Какой инструмент самый большой в оркестре?;[Контрабас, Виолончель, Скрипка, Флейта]
Музыка;Средний;Кто основал группу The Beatles?;[Джон Леннон, Пол Маккартни, Джордж Харрисон, Ринго Старр]
Музыка;Средний;В каком году вышел альбом «Thriller» Майкла Джексона?;[1982, 1985, 1980, 1988]
Музыка;Средний;Кто написал «Четыре времени года»?;[Вивальди, Бах, Моцарт, Бетховен]
Музыка;Средний;Сколько голосов в оперном квартете?;[4, 3, 5, 2]
Музыка;Средний;Какой музыкальный инструмент называется «король инструментов»?;[Орган, Фортепиано, Скрипка, Труба]
Музыка;Сложный;Кто написал симфонию №9 «Хоровая»?;[Бетховен, Моцарт, Брамс, Шуберт]
Музыка;Сложный;Кто написал «Времена года»?;[Вивальди, Бах, Гендель, Перголези]
Музыка;Сложный;Кто написал «Клятвопреступление»?;[Джузеппе Верди, Джакомо Пуччини, Риккардо Зандонаи, Амилкаре Понкьелли]
Музыка;Сложный;Кто написал «Свадьбу Фигаро»?;[Моцарт, Гайдн, Бетховен, Шуберт]
Музыка;Сложный;Кто написал «Кармен»?;[Жорж Бизе, Шарль Гуно, Джакомо Пуччини, Рихард Вагнер]
Кино;Легкий;Кто сыграл Джека в «Титанике»?;[Леонардо Ди Каприо, Брэд Питт, Том Круз, Джонни Депп]
Кино;Легкий;Как называется первая часть «Звёздных войн»?;[Эпизод IV, Эпизод I, Эпизод II, Эпизод III]
Кино;Легкий;Кто режиссёр «Крёстного отца»?;[Фрэнсис Форд Коппола, Стивен Спилберг, Мартин Скорсезе, Квентин Тарантино]
Кино;Легкий;Сколько «Оскаров» получил «Титаник»?;[11, 10, 9, 12]
Кино;Легкий;Кто снял фильм «Криминальное чтиво»?;[Квентин Тарантино, Гай Ричи, Дэвид Финчер, Райан Джонсон]
Кино;Средний;В каком году вышел первый «Звёздный путь» фильм?;[1979, 1975, 1982, 1985]
Кино;Средний;Кто сыграл Гарри Поттера в фильмах?;[Дэниел Рэдклифф, Руперт Гринт, Том Фелтон, Эмма Уотсон]
Кино;Средний;Кто режиссёр фильма «Начало»?;[Кристофер Нолан, Джеймс Кэмерон, Питер Джексон, Джордж Лукас]
Кино;Средний;В каком году вышел первый фильм «Матрица»?;[1999, 1997, 2001, 1995]
Кино;Средний;Кто сыграл Железного человека?;[Роберт Дауни мл., Крис Эванс, Марк Руффало, Крис Хемсворт]
Кино;Сложный;Кто снял фильм «Апокалипсис сегодня»?;[Фрэнсис Форд Коппола, Стивен Спилберг, Джордж Лукас, Мартин Скорсезе]
Кино;Сложный;Кто снял фильм «2001 год: Космическая одиссея»?;[Стэнли Кубрик, Альфред Хичкок, Фрэнсис Форд Коппола, Стивен Спилберг]
Кино;Сложный;Кто снял фильм «Паразиты»?;[Пон Джун-хо, Акира Куросава, Ким Ки Дук, Ли Чхан Дон]
Кино;Сложный;Кто снял фильм «Бойцовский клуб»?;[Дэвид Финчер, Тодд Филд, Терри Гиллиам, Майкл Бэй]
Кино;Лёгкий; Кто сыграл главную роль в фильме «Терминатор»?;[Арнольд Шварценеггер, Сильвестр Сталлоне, Брюс Уиллис, Мел Гибсон]
Кино;Средний; Кто сыграл Джокера в фильме «Тёмный рыцарь» (2008)?;[Хит Леджер, Джек Николсон, Джаред Лето, Хоакин Феникс]
Кино;Средний; В каком фильме впервые появился персонаж Зорро?;[«Знак Зорро» (1920), «Зорро» (1940), «Маска Зорро» (1998), «Легенда Зорро» (2005)]
Кино;Средний; Какой фильм принёс Леонардо Ди Каприо первый «Оскар» за лучшую мужскую роль?;[«Выживший», «Волк с Уолл‑стрит», «Титаник», «Начало»]
Кино;Средний; Как называется первый фильм трилогии «Властелин колец»?;[«Братство кольца», «Две крепости», «Возвращение короля», «Хоббит»]
Кино;Средний; В каком фильме звучит саундтрек My Heart Will Go On в исполнении Селин Дион?;[«Титаник», «Красотка», «Дневник памяти», «Гладиатор»]
Кино;Средний; Кто режиссёр фильма «Начало» (Inception)?;[Кристофер Нолан, Дэвид Финчер, Ридли Скотт, Дени Вильнёв]
Кино;Средний; В каком фильме главный герой — агент ФБР, охотящийся на серийного убийцу, который подражает другим маньякам?;[«Молчание ягнят», «Семь», «Зодиак», «Психо»]
Кино;Средний; Какой фильм основан на рассказе Стивена Кинга «Рита Хейуорт и спасение из Шоушенка»?;[«Побег из Шоушенка», «Зелёная миля», «Мизери», «Оно»]
Кино;Средний; Кто сыграл роль Нео в «Матрице»?;[Киану Ривз, Лоренс Фишберн, Хьюго Уивинг, Джозеф Гордон‑Левитт]
Кино;Средний; В каком году вышел фильм «Побег из Шоушенка»?;[1994, 1999, 1989, 2004]
Кино;Лёгкий; В каком фильме звучит фраза «Хьюстон, у нас проблема»?;[«Аполлон‑13», «Гравитация», «Интерстеллар», «Марсианин»]
Кино;Лёгкий; Какой фильм начинается с монолога «Меня зовут Форрест, Форрест Гамп»?;[«Форрест Гамп», «Зелёная миля», «Побег из Шоушенка», «Человек дождя»]
Кино;Лёгкий; Кто режиссёр фильма «Криминальное чтиво»?;[Квентин Тарантино, Мартин Скорсезе, Фрэнсис Форд Коппола, Вуди Аллен]
Кино;Лёгкий; Как зовут главного героя фильма «Назад в будущее»?;[Марти МакФлай, Док Браун, Джордж МакФлай, Бифф Таннен]
Кино;Лёгкий; В каком году вышел фильм «Титаник» Джеймса Кэмерона?;[1997, 1998, 1996, 1999]
Кино;Лёгкий; Кто сыграл роль Росомахи в серии фильмов «Люди Икс»?;[Хью Джекман, Райан Рейнольдс, Патрик Стюарт, Иэн Маккеллен]
Кино;Лёгкий; Какой фильм получил «Оскар» за лучший фильм в 20000 году?;[«Гладиатор», «Красота по‑американски», «Шестое чувство», «Американская история Икс»]
Кино;Лёгкий; В каком фильме персонаж произносит фразу «Я король мира!»?;[«Титаник», «Гладиатор», «Аполлон‑13», «Авиатор»]
Кино;Лёгкий; Кто снял фильм «Челюсти»?;[Стивен Спилберг, Джеймс Кэмерон, Джордж Лукас, Ридли Скотт]
Технологии;Легкий;Что означает аббревиатура WWW?;[World Wide Web, World Web Wide, Wide World Web, Web World Wide]
Технологии;Легкий;Кто основал Microsoft?;[Билл Гейтс, Стив Джобс, Илон Маск, Марк Цукерберг]
Технологии;Легкий;Какая операционная система от Apple?;[iOS, Android, Windows, Linux]
Технологии;Легкий;Что означает HTML?;[HyperText Markup Language, HighText Machine Language, HyperText Machine Language, HyperTool Markup Language]
Технологии;Легкий;Кто изобрел World Wide Web?;[Тим Бернерс-Ли, Билл Гейтс, Стив Джобс, Винт Серф]
Технологии;Средний;Какой чип используется в iPhone?;[A-серия, Snapdragon, Exynos, Kirin]
Технологии;Средний;Что такое блокчейн?;[Технология распределённого реестра, База данных, Облачное хранилище, Сервер]
Технологии;Средний;Какая версия Windows самая популярная?;[Windows 10, Windows 7, Windows 11, Windows XP]
Технологии;Средний;Кто изобрёл транзистор?;[Бардин, Браттейн и Шокли, Эдисон, Тесла, Маркони]
Технологии;Средний;Что означает API?;[Application Programming Interface, Advanced Programming Interface, Application Process Interface, Advanced Process Interface]
Технологии;Сложный;Кто создал язык программирования Python?;[Гвидо ван Россум, Линус Торвальдс, Бьян Струструп, Джеймс Гослинг]
Технологии;Сложный;Что означает HTTP?;[HyperText Transfer Protocol, HighText Transfer Protocol, HyperText Transmission Protocol, HighText Transmission Protocol]
Технологии;Сложный;Какая компания владеет Android?;[Google, Apple, Microsoft, Samsung]
Технологии;Сложный;Что такое облачные вычисления?;[Использование удалённых серверов, Использование локальных серверов, Использование мобильных устройств, Использование спутников]
Технологии;Сложный;Кто создал Linux?;[Линус Торвальдс, Гвидо ван Россум, Бьян Струструп, Джеймс Гослинг]
Спорт;Легкий;Сколько игроков в футбольной команде на поле?;[11, 10, 12, 9]
Спорт;Легкий;В каком виде спорта используется мяч?;[Футбол, Бокс, Плавание, Лыжи]
Спорт;Легкий;Где проходили первые Олимпийские игры?;[Афины, Рим, Париж, Лондон]
Спорт;Легкий;Сколько колец на олимпийском флаге?;[5, 6, 4, 7]
Спорт;Легкий;Кто держит рекорд по золотым медалям на Олимпиадах?;[Майкл Фелпс, Усэйн Болт, Лариса Латынина, Карл Льюис]
Спорт;Средний;В каком году Россия принимала Чемпионат мира по футболу?;[2018, 2014, 2022, 2010]
Спорт;Средний;Сколько минут в футбольном матче?;[90, 80, 100, 70]
Спорт;Средний;Какой спорт называют королём спорта?;[Футбол, Бокс, Лёгкая атлетика, Плавание]
Спорт;Средний;Где проходили Олимпийские игры 2008?;[Пекин, Лондон, Рио, Токио]
Спорт;Средний;Сколько очков за 3-очковый бросок в баскетболе?;[3, 2, 1, 4]
Спорт;Сложный;Кто держит рекорд по голам в карьере?;[Криштиану Роналду, Лионель Месси, Пеле, Марадона]
Спорт;Сложный;В каком году Россия принимала Олимпиаду?;[2014, 2018, 2012, 2016]
Спорт;Сложный;Какой вид спорта самый популярный в мире?;[Футбол, Баскетбол, Теннис, Крикет]
Спорт;Сложный;Сколько очков в теннисном сете?;[6, 5, 7, 4]
Спорт;Сложный;Кто выиграл больше всего «Золотых мячей»?;[Лионель Месси, Криштиану Роналду, Йохан Кройф, Мишель Платини]
Животные;Легкий;Сколько ног у паука?;[8, 6, 4, 10]
Животные;Легкий;Какой зверь самый быстрый?;[Гепард, Лев, Тигр, Леопард]
Животные;Легкий;Какая птица не умеет летать?;[Страус, Орёл, Сокол, Воробей]
Животные;Легкий;Сколько сердец у осьминога?;[3, 2, 4, 1]
Животные;Легкий;Какой зверь спит стоя?;[Лошадь, Корова, Свинья, Коза]
Животные;Средний;Какое животное имеет самый большой мозг?;[Кит, Слон, Человек, Дельфин]
Животные;Средний;Какая птица самая большая?;[Страус, Пингвин, Орёл, Аист]
Животные;Средний;Сколько ног у краба?;[10, 8, 6, 12]
Животные;Средний;Какое животное самое высокое?;[Жираф, Слон, Лошадь, Олень]
Животные;Средний;Какая рыба самая большая?;[Китовая акула, Белая акула, Тунец, Лосось]
Животные;Сложный;Какое животное имеет самый большой мозг у беспозвоночных?;[Осьминог, Слон, Кит, Дельфин]
Животные;Сложный;Какая змея самая ядовитая?;[Тайпан, Кобра, Гремучая змея, Анаконда]
Животные;Сложный;Какое животное самое медленное?;[Ленивец, Черепаха, Улитка, Двухпалый ленивец]
Животные;Сложный;Сколько зубов у акул за всю жизнь?;[30000, 10000, 5000, 15000]
Животные;Сложный;Какое животное может жить без воды дольше всех?;[Верблюд, Тушканчик, Крыса, Мышь]
Кулинария;Легкий;Из чего делают суши?;[Рис, Паста, Картофель, Баклажан]
Кулинария;Легкий;Какой фрукт используется для бананового хлеба?;[Банан, Яблоко, Груша, Апельсин]
Кулинария;Легкий;Что такое паста карбонара?;[Макароны с беконом и яйцом, Паста с томатным соусом, Паста с грибами, Паста с креветками]
Кулинария;Легкий;Какая специя придаёт жёлтый цвет рису?;[Шафран, Куркума, Паприка, Карри]
Кулинария;Легкий;Что такое суфле?;[Воздушный десерт, Суп, Салат, Мясо]
Кулинария;Средний;Какой сыр используется для пиццы Маргарита?;[Моцарелла, Пармезан, Чеддер, Гауда]
Кулинария;Средний;Из чего делают хумус?;[Нут, Фасоль, Чечевица, Горох]
Кулинария;Средний;Что такое тако?;[Мексиканское блюдо, Китайское блюдо, Индийское блюдо, Японское блюдо]
Кулинария;Средний;Какая рыба используется для сашими?;[Сырая рыба, Варёная рыба, Жареная рыба, Копчёная рыба]
Кулинария;Средний;Что такое ризотто?;[Итальянское блюдо из риса, Французское блюдо из картофеля, Испанское блюдо из пасты, Немецкое блюдо из мяса]
Кулинария;Сложный;Как называется японское блюдо из сырой рыбы?;[Сашими, Суши, Рамен, Темпура]
Кулинария;Сложный;Что такое фо-бо?;[Вьетнамский суп, Китайский суп, Японский суп, Корейский суп]
Кулинария;Сложный;Какой ингредиент используется для тирамису?;[Маскарпоне, Рикотта, Пармезан, Моцарелла]
Кулинария;Сложный;Что такое гуакамоле?;[Соус из авокадо, Соус из томатов, Соус из чеснока, Соус из перца]
Кулинария;Сложный;Как называется французский пирог с заварным кремом?;[Квеш, Тарт, Пон, Круассан]
Мифология;Легкий;Кто бог молнии в греческой мифологии?;[Зевс, Посейдон, Аид, Аполлон]
Мифология;Легкий;Кто бог войны в греческой мифологии?;[Арес, Афина, Афродита, Гера]
Мифология;Легкий;Кто бог мудрости в греческой мифологии?;[Афина, Артемида, Гера, Деметра]
Мифология;Легкий;Кто бог любви в греческой мифологии?;[Афродита, Артемида, Гера, Деметра]
Мифология;Легкий;Кто бог подземного мира в греческой мифологии?;[Аид, Посейдон, Зевс, Аполлон]
Мифология;Средний;Кто создал человека в греческой мифологии?;[Прометей, Зевс, Аид, Посейдон]
Мифология;Средний;Кто украл огонь у богов?;[Прометей, Зевс, Аид, Посейдон]
Мифология;Средний;Кто был первым царём Рима?;[Ромул, Рем, Нума Помпилий, Тулл Гостилий]
Мифология;Средний;Кто был героем, победившим Медузу?;[Персей, Геракл, Тесей, Ясон]
Мифология;Средний;Кто был героем, победившим Минотавра?;[Тесей, Геракл, Персей, Ясон]
Мифология;Сложный;Кто был богом морей в римской мифологии?;[Нептун, Юпитер, Плутон, Марс]
Мифология;Сложный;Кто был богом войны в римской мифологии?;[Марс, Юпитер, Плутон, Нептун]
Мифология;Сложный;Кто был богом мудрости в римской мифологии?;[Минерва, Венера, Юнона, Диана]
Мифология;Сложный;Кто был богом любви в римской мифологии?;[Купидон, Марс, Юпитер, Плутон]
Мифология;Сложный;Кто был богом подземного мира в римской мифологии?;[Плутон, Юпитер, Марс, Нептун]
Транспорт;Легкий;Какой вид транспорта движется по рельсам?;[Поезд, Автомобиль, Самолёт, Корабль]
Транспорт;Легкий;Какой вид транспорта движется по воздуху?;[Самолёт, Автомобиль, Поезд, Корабль]
Транспорт;Легкий;Какой вид транспорта движется по воде?;[Корабль, Автомобиль, Поезд, Самолёт]
Транспорт;Легкий;Кто изобрёл автомобиль?;[Карл Бенц, Генри Форд, Никола Тесла, Томас Эдисон]
Транспорт;Легкий;Кто изобрёл самолёт?;[Братья Райт, Никола Тесла, Томас Эдисон, Генри Форд]
Транспорт;Средний;Какая скорость звука в воздухе?;[340 м/с, 300 м/с, 400 м/с, 250 м/с]
Транспорт;Средний;Какая скорость света в вакууме?;[300000 км/с, 150000 км/с, 450000 км/с, 200000 км/с]
Транспорт;Средний;Какой вид транспорта самый быстрый?;[Самолёт, Автомобиль, Поезд, Корабль]
Транспорт;Средний;Какой вид транспорта самый медленный?;[Корабль, Автомобиль, Поезд, Самолёт]
Транспорт;Средний;Какой вид транспорта самый популярный?;[Автомобиль, Самолёт, Поезд, Корабль]
Транспорт;Сложный;Кто изобрёл паровую машину?;[Джеймс Уатт, Никола Тесла, Томас Эдисон, Генри Форд]
Транспорт;Сложный;Кто изобрёл двигатель внутреннего сгорания?;[Николаус Отто, Генри Форд, Карл Бенц, Никола Тесла]
Транспорт;Сложный;Какой вид транспорта самый экологичный?;[Велосипед, Автомобиль, Поезд, Самолёт]
Транспорт;Сложный;Какой вид транспорта самый опасный?;[Мотоцикл, Автомобиль, Поезд, Корабль]
Транспорт;Сложный;Какой вид транспорта самый безопасный?;[Самолёт, Автомобиль, Поезд, Корабль]
Архитектура;Легкий;Где находится Эйфелева башня?;[Париж, Лондон, Берлин, Рим]
Архитектура;Легкий;Где находится Колизей?;[Рим, Афины, Париж, Лондон]
Архитектура;Легкий;Где находится Пирамида Хеопса?;[Египет, Мексика, Китай, Индия]
Архитектура;Легкий;Где находится Тадж-Махал?;[Индия, Китай, Япония, Корея]
Архитектура;Легкий;Где находится Статуя Свободы?;[США, Канада, Мексика, Бразилия]
Архитектура;Средний;Где находится Биг-Бен?;[Лондон, Париж, Берлин, Рим]
Архитектура;Средний;Где находится Пизанская башня?;[Италия, Франция, Германия, Испания]
Архитектура;Средний;Где находится Акрополь?;[Афины, Рим, Париж, Лондон]
Архитектура;Средний;Где находится Великая Китайская стена?;[Китай, Япония, Корея, Вьетнам]
Архитектура;Средний;Где находится Мачу-Пикчу?;[Перу, Боливия, Чили, Эквадор]
Архитектура;Сложный;Где находится Собор Святого Петра?;[Ватикан, Рим, Флоренция, Венеция]
Архитектура;Сложный;Где находится Саграда Фамилия?;[Барселона, Мадрид, Париж, Лондон]
Архитектура;Сложный;Где находится Бранденбургские ворота?;[Берлин, Париж, Лондон, Рим]
Архитектура;Сложный;Где находится Храм Артемиды?;[Эфес, Афины, Рим, Париж]
Архитектура;Сложный;Где находится Мечеть Голубая?;[Стамбул, Анкара, Каир, Тегеран]
Разное;Легкий;Сколько дней в неделе?;[7, 6, 8, 5]
Разное;Легкий;Сколько часов в сутках?;[24, 20, 30, 12]
Разное;Легкий;Сколько минут в часе?;[60, 50, 70, 40]
Разное;Легкий;Сколько секунд в минуте?;[60, 50, 70, 40]
Разное;Легкий;Сколько дней в Апреле?;[30, 28, 31, 32]
Разное;Средний;Сколько дней в високосном году?;[366, 365, 364, 367]
Разное;Средний;Сколько дней в году?;[365, 366, 364, 367]
Разное;Средний;Сколько месяцев в году?;[12, 10, 11, 13]
Разное;Средний;Сколько недель в году?;[52, 50, 54, 48]
Разное;Средний;Сколько часов в неделе?;[168, 150, 170, 160]
Разное;Сложный;Сколько секунд в сутках?;[86400, 80000, 90000, 85000]
Разное;Сложный;Сколько минут в сутках?;[1440, 1400, 1500, 1300]
Разное;Сложный;Сколько часов в месяце?;[720, 700, 750, 680]
Разное;Сложный;Сколько недель в месяце?;[4, 3, 5, 6]
Разное;Сложный;Сколько дней в високосном месяце?;[29, 28, 30, 31]
Языки;Легкий;Сколько букв в русском алфавите?;[33, 32, 34, 31]
Языки;Легкий;Сколько букв в английском алфавите?;[26, 25, 27, 24]
Языки;Легкий;Сколько гласных букв в русском алфавите?;[10, 9, 11, 8]
Языки;Легкий;Сколько согласных букв в русском алфавите?;[21, 20, 22, 19]
Языки;Легкий;Сколько букв в испанском алфавите?;[27, 26, 28, 25]
Языки;Средний;Какой язык самый распространённый в мире?;[Английский, Китайский, Испанский, Русский]
Языки;Средний;Какой язык самый сложный?;[Китайский, Русский, Арабский, Японский]
Языки;Средний;Какой язык самый лёгкий?;[Испанский, Английский, Русский, Китайский]
Языки;Средний;Какой язык самый красивый?;[Французский, Итальянский, Испанский, Русский]
Языки;Средний;Какой язык самый старый?;[Санскрит, Китайский, Египетский, Греческий]
Языки;Сложный;Сколько языков в мире?;[7000, 5000, 9000, 6000]
Языки;Сложный;Сколько языков в России?;[150, 100, 200, 120]
Языки;Сложный;Какой язык самый древний?;[Санскрит, Китайский, Египетский, Греческий]
Языки;Сложный;Какой язык самый молодой?;[Искусственный, Русский, Английский, Китайский]
Языки;Сложный;Какой язык самый гибкий?;[Русский, Английский, Китайский, Японский]
Общая эрудиция;Легкий;Столица Франции?;[Париж, Лондон, Берлин, Рим]
Общая эрудиция;Лёгкий;Сколько дней в неделе?;[7, 5, 6, 8]
Общая эрудиция;Лёгкий;Какое животное является символом Австралии?;[Кенгуру, Панда, Слон, Жираф]
Общая эрудиция;Лёгкий;Какой газ необходим человеку для дыхания?;[Кислород, Азот, Углекислый газ, Водород]
Общая эрудиция;Лёгкий;Сколько сторон у треугольника?;[3, 4, 5, 6]
Общая эрудиция;Лёгкий;Как называется наша галактика?;[Млечный Путь, Андромеда, Треугольник, Облако]
Общая эрудиция;Легкий;Сколько цветов в радуге?;[7, 6, 8, 5]
Общая эрудиция;Легкий;Какая планета третья от Солнца?;[Земля, Марс, Венера, Юпитер]
Общая эрудиция;Средний;Кто написал «Войну и мир»?;[Лев Толстой, Достоевский, Пушкин, Чехов]
Общая эрудиция;Средний;Кто написал картину «Звёздная ночь»?;[Винсент Ван Гог, Пабло Пикассо, Леонардо да Винчи, Клод Моне]
Общая эрудиция;Средний;В каком году человек впервые побывал в космосе?;[1961, 1957, 1969, 1975]
Общая эрудиция;Средний;Какой океан самый большой?;[Тихий, Атлантический, Индийский, Северный Ледовитый]
Общая эрудиция;Средний;Как называется столица Японии?;[Токио, Пекин, Сеул, Бангкок]
Общая эрудиция;Средний;Какое государство самое маленькое в мире?;[Ватикан, Монако, Сан‑Марино, Лихтенштейн]
Общая эрудиция;Средний;В каком году началась Вторая мировая война?;[1939, 1941, 1945, 1938]
Общая эрудиция;Сложный;Какая самая длинная река в мире?;[Амазонка, Нил, Янцзы, Миссисипи]
Общая эрудиция;Сложный;Кто открыл пенициллин?;[Александр Флеминг, Луи Пастер, Роберт Кох, Илья Мечников]
Общая эрудиция;Сложный;Как называется древнейший сохранившийся письменный свод законов?;[Кодекс Хаммурапи, Законы XII таблиц, Русская Правда, Салическая правда]
Общая эрудиция;Сложный;Кто создал первый периодический закон химических элементов?;[Дмитрий Менделеев, Антуан Лавуазье, Джон Дальтон, Йёнс Якоб Берцелиус]
Общая эрудиция;Сложный;Какое сооружение считается единственным сохранившимся из Семи чудес света?;[Пирамида Хеопса, Висячие сады Семирамиды, Статуя Зевса в Олимпии, Мавзолей в Галикарнасе]
Общая эрудиция;Сложный;Какой философ написал труд «Государство»?;[Платон, Аристотель, Сократ, Эпикур]
Общая эрудиция;Сложный;В какой стране изобрели бумагу?;[Китай, Египет, Индия, Месопотамия]
Общая эрудиция;Сложный;Кто написал философский трактат «Так говорил Заратустра»?;[Фридрих Ницше, Иммануил Кант, Георг Гегель, Артур Шопенгауэр]
Общая эрудиция;Сложный;Как называется самый древний известный эпос человечества?;[«Энума элиш», «Повесть временных лет», «Эпос о Гильгамеше», «Илиада»]
Общая эрудиция;Сложный;Какой композитор написал «Времена года»?;[Антонио Вивальди, Иоганн Себастьян Бах, Вольфганг Амадей Моцарт, Людвиг ван Бетховен]
Общая эрудиция;Сложный;Какая империя была крупнейшей в истории по площади?;[Монгольская империя, Британская империя, Римская империя, Османская империя]
Наука;Легкий;Химическая формула воды?;[H2O, CO2, O3, H2]
Наука;Легкий;Какой газ мы вдыхаем?;[Кислород, Азот, Углекислый газ, Водород]
Наука;Средний;Скорость света в вакууме?;[300000 км/с, 150000 км/с, 450000 км/с, 200000 км/с]
Наука;Средний;Какая планета самая горячая?;[Венера, Меркурий, Марс, Юпитер]
Наука;Сложный;Кто предложил модель атома с ядром?;[Резерфорд, Бор, Томсон, Демокрит]
Наука;Сложный;Какой элемент имеет атомный номер 1?;[Водород, Гелий, Литий, Углерод]
История;Легкий;Кто первый полетел в космос?;[Юрий Гагарин, Нил Армстронг, Алексей Леонов, Герман Титов]
История;Легкий;В каком году распался СССР?;[1991, 1989, 1993, 1985]
История;Средний;Кто был первым президентом США?;[Джордж Вашингтон, Томас Джефферсон, Авраам Линкольн, Джон Адамс]
История;Средний;В каком году произошло Крещение Руси?;[988, 954, 1054, 1000]
История;Сложный;Кто основал династию Романовых?;[Михаил Фёдорович, Пётр I, Николай I, Александр I]
История;Сложный;В каком году началась Первая мировая война?;[1914, 1917, 1918, 1912]
Спорт;Легкий;Сколько игроков в футбольной команде на поле?;[11, 10, 12, 9]
Спорт;Легкий;В каком виде спорта используется мяч?;[Футбол, Бокс, Плавание, Лыжи]
Спорт;Средний;Где проходили первые Олимпийские игры?;[Афины, Рим, Париж, Лондон]
Спорт;Средний;Сколько колец на олимпийском флаге?;[5, 6, 4, 7]
Спорт;Сложный;Кто держит рекорд по золотым медалям на Олимпиадах?;[Майкл Фелпс, Усэйн Болт, Лариса Латынина, Карл Льюис]
Спорт;Сложный;В каком году Россия принимала Чемпионат мира по футболу?;[2018, 2014, 2022, 2010]
Искусство;Легкий;Кто написал «Мона Лизу»?;[Леонардо да Винчи, Микеланджело, Рафаэль, Донателло]
Искусство;Легкий;В каком музее находится «Мона Лиза»?;[Лувр, Эрмитаж, Метрополитен, Прадо]
Искусство;Средний;Кто написал «Ночь над звёздным небом»?;[Ван Гог, Пикассо, Дали, Моне]
Искусство;Средний;В каком стиле работал Пикассо?;[Кубизм, Реализм, Импрессионизм, Романтизм]
Искусство;Сложный;Кто написал «Четыре времени года»?;[Вивальди, Бах, Моцарт, Бетховен]
Искусство;Сложный;Где находится Сикстинская капелла?;[Ватикан, Флоренция, Рим, Венеция]
География;Легкий;Самый большой океан?;[Тихий, Атлантический, Индийский, Северный Ледовитый]
География;Легкий;Столица России?;[Москва, Санкт-Петербург, Казань, Новосибирск]
География;Средний;Самая длинная река в России?;[Лена, Енисей, Обь, Амур]
География;Средний;Какая страна самая большая по площади?;[Россия, Канада, Китай, США]
География;Сложный;Самая высокая гора в мире?;[Эверест, К2, Килиманджаро, Эльбрус]
География;Сложный;Какая страна имеет форму сапога?;[Италия, Испания, Греция, Португалия]
Технологии;Легкий;Что означает аббревиатура WWW?;[World Wide Web, World Web Wide, Wide World Web, Web World Wide]
Технологии;Легкий;Кто основал Microsoft?;[Билл Гейтс, Стив Джобс, Илон Маск, Марк Цукерберг]
Технологии;Средний;Какая операционная система от Apple?;[iOS, Android, Windows, Linux]
Технологии;Средний;Что означает HTML?;[HyperText Markup Language, HighText Machine Language, HyperText Machine Language, HyperTool Markup Language]
Технологии;Сложный;Кто изобрел World Wide Web?;[Тим Бернерс-Ли, Билл Гейтс, Стив Джобс, Винт Серф]
Технологии;Сложный;Какой чип используется в iPhone?;[A-серия, Snapdragon, Exynos, Kirin]
Общая эрудиция;Легкий;Столица Франции?;[Париж, Лондон, Берлин, Рим]
Общая эрудиция;Легкий;Сколько цветов в радуге?;[7, 6, 8, 5]
Общая эрудиция;Легкий;Какая планета третья от Солнца?;[Земля, Марс, Венера, Юпитер]
Общая эрудиция;Легкий;Сколько дней в високосном году?;[366, 365, 364, 367]
Общая эрудиция;Легкий;Какой континент самый большой?;[Азия, Африка, Европа, Америка]
Общая эрудиция;Средний;Кто написал «Войну и мир»?;[Лев Толстой, Достоевский, Пушкин, Чехов]
Общая эрудиция;Средний;В каком году началась Вторая мировая война?;[1939, 1941, 1945, 1938]
Общая эрудиция;Средний;Какая страна имеет форму сапога?;[Италия, Испания, Греция, Португалия]
Общая эрудиция;Средний;Сколько материков на Земле?;[6, 5, 7, 4]
Общая эрудиция;Средний;Какой океан самый большой?;[Тихий, Атлантический, Индийский, Северный Ледовитый]
Общая эрудиция;Сложный;Самая длинная река в мире?;[Амазонка, Нил, Янцзы, Миссисипи]
Общая эрудиция;Сложный;Кто открыл пенициллин?;[Александр Флеминг, Луи Пастер, Роберт Кох, Илья Мечников]
Общая эрудиция;Сложный;Какая самая высокая гора в мире?;[Эверест, К2, Килиманджаро, Эльбрус]
Общая эрудиция;Сложный;В каком году человек впервые ступил на Луну?;[1969, 1967, 1971, 1965]
Общая эрудиция;Сложный;Сколько элементов в периодической таблице Менделеева?;[118, 100, 120, 115]
Математика;Легкий;Сколько будет 7 + 8?;[15, 13, 5, 52]
Математика;Легкий;Квадратный корень из 144?;[12, 14, 10, 16]
Математика;Легкий;Сколько градусов в прямом угле?;[90, 180, 45, 60]
Математика;Легкий;Сколько будет 15 + 27?;[42, 40, 44, 38]
Математика;Легкий;Чему равно 100 / 4?;[25, 20, 30, 15]
Математика;Средний;Сумма углов треугольника?;[180°, 360°, 90°, 270°]
Математика;Средний;Число Пи примерно равно?;[3.14, 3.16, 3.12, 3.18]
Математика;Средний;Сколько сантиметров в одном метре?;[100, 10, 1000, 50]
Математика;Средний;Квадрат числа 9?;[81, 72, 90, 63]
Математика;Средний;Сколько будет 12 * 12?;[144, 124, 164, 134]
Математика;Сложный;Кто изобрел интегральное исчисление?;[Ньютон и Лейбниц, Эйлер, Гаусс, Ферма]
Математика;Сложный;Какое число называют «числом Эйлера»?;[2.718, 1.618, 3.141, 2.302]
Математика;Сложный;Сколько будет 5! (факториал)?;[120, 130, 100, 24]
Математика;Сложный;Сколько будет 7! (факториал)?;[5040, 720, 40320, 10080]
Математика;Сложный;Теорема Пифагора?;[a^2 + b^2 = c^2, a + b = c, a * b = c, a / b = c]
Наука;Легкий;Химическая формула воды?;[H2O, CO2, O3, H2]
Наука;Легкий;Какой газ мы вдыхаем?;[Кислород, Азот, Углекислый газ, Водород]
Наука;Легкий;Сколько планет в Солнечной системе?;[8, 9, 7, 10]
Наука;Легкий;Какая планета красная?;[Марс, Венера, Юпитер, Сатурн]
Наука;Легкий;Сколько ног у паука?;[8, 6, 4, 10]
Наука;Средний;Скорость света в вакууме?;[300000 км/с, 150000 км/с, 450000 км/с, 200000 км/с]
Наука;Средний;Какая планета самая горячая?;[Венера, Меркурий, Марс, Юпитер]
Наука;Средний;Сколько хромосом у человека?;[46, 23, 48, 44]
Наука;Средний;Какая клетка самая большая?;[Яйцеклетка, Нейрон, Эритроцит, Лейкоцит]
Наука;Средний;Сколько сердец у осьминога?;[3, 2, 4, 1]
Наука;Сложный;Кто предложил модель атома с ядром?;[Резерфорд, Бор, Томсон, Демокрит]
Наука;Сложный;Какой элемент имеет атомный номер 1?;[Водород, Гелий, Литий, Углерод]
Наука;Сложный;Кто открыл структуру ДНК?;[Уотсон и Крик, Мендель, Дарвин, Мечников]
Наука;Сложный;Как называется процесс деления клетки?;[Митоз, Мейоз, Фагоцитоз, Осмос]
Наука;Сложный;Какой металл жидкий при комнатной температуре?;[Ртуть, Свинец, Олово, Цинк]
История;Легкий;Кто первый полетел в космос?;[Юрий Гагарин, Нил Армстронг, Алексей Леонов, Герман Титов]
История;Легкий;В каком году распался СССР?;[1991, 1989, 1993, 1985]
История;Легкий;Кто был первым президентом США?;[Джордж Вашингтон, Томас Джефферсон, Авраам Линкольн, Джон Адамс]
История;Легкий;В каком году произошло Крещение Руси?;[988, 954, 1054, 1000]
История;Легкий;Кто основал династию Романовых?;[Михаил Фёдорович, Пётр I, Николай I, Александр I]
История;Средний;В каком году началась Первая мировая война?;[1914, 1917, 1918, 1912]
История;Средний;В каком году закончилась Вторая мировая война?;[1945, 1941, 1943, 1947]
История;Средний;Кто был первым президентом России?;[Борис Ельцин, Владимир Путин, Дмитрий Медведев, Михаил Горбачёв]
История;Средний;В каком году образована ООН?;[1945, 1939, 1950, 1942]
История;Средний;Кто открыл Америку?;[Христофор Колумб, Фернан Магеллан, Джеймс Кук, Васко да Гама]
История;Сложный;В каком году началась Великая французская революция?;[1789, 1776, 1799, 1804]
История;Сложный;Кто был первым императором Рима?;[Октавиан Август, Юлий Цезарь, Нерон, Каллигула]
История;Сложный;В каком году пала Византийская империя?;[1453, 1492, 1204, 1380]
История;Сложный;Кто был первым канцлером Германии?;[Отто фон Бисмарк, Вильгельм II, Гитлер, Шрёдер]
История;Сложный;В каком году началась Холодная война?;[1947, 1945, 1950, 1960]
Литература;Легкий;Сколько томов в «Властелине колец»?;[3, 4, 5, 2]
Литература;Легкий;Кто написал «Преступление и наказание»?;[Достоевский, Толстой, Чехов, Гоголь]
Литература;Легкий;Кто написал «Мастер и Маргарита»?;[Михаил Булгаков, Александр Блок, Андрей Белый, Владимир Набоков]
Литература;Легкий;Кто написал «Войну и мир»?;[Лев Толстой, Фёдор Достоевский, Антон Чехов, Иван Тургенев]
Литература;Средний;Кто написал «Анну Каренину»?;[Лев Толстой, Фёдор Достоевский, Антон Чехов, Иван Тургенев]
Литература;Средний;Кто написал «Божественную комедию»?;[Данте, Петрарка, Боккаччо, Гомер]
Литература;Средний;Кто написал «Гамлета»?;[Уильям Шекспир, Кристофер Марло, Джон Милтон, Джон Донн]
Литература;Средний;Кто написал «1984»?;[Джордж Оруэлл, Рэй Брэдбери, Герберт Уэллс, Айзек Азимов]
Литература;Средний;Кто написал «Великий Гэтсби»?;[Фрэнсис Скотт Фицджеральд, Эрнест Хемингуэй, Джон Стейнбек, Уильям Фолкнер]
Литература;Сложный;Кто написал «Братья Карамазовы»?;[Фёдор Достоевский, Лев Толстой, Антон Чехов, Иван Тургенев]
Литература;Сложный;Кто написал «Мёртвые души»?;[Николай Гоголь, Михаил Булгаков, Александр Пушкин, Иван Тургенев]
Литература;Сложный;Кто написал «Войну миров»?;[Герберт Уэллс, Рэй Брэдбери, Артур Кларк, Айзек Азимов]
Литература;Сложный;Кто написал «Портрет Дориана Грея»?;[Оскар Уайльд, Артур Конан Дойл, Редьярд Киплинг, Томас Харди]
Литература;Сложный;Кто написал «Улисс»?;[Джеймс Джойс, Вирджиния Вулф, Т. С. Элиот, Д. Х. Лоуренс]
Музыка;Легкий;Сколько струн у гитары?;[6, 5, 7, 4]
Музыка;Легкий;Какой инструмент имеет клавиши?;[Фортепиано, Скрипка, Гитара, Труба]
Музыка;Легкий;Кто написал «Лунную сонату»?;[Бетховен, Моцарт, Бах, Шопен]
Музыка;Легкий;Сколько нот в диатонической гамме?;[7, 8, 6, 5]
Музыка;Легкий;Какой инструмент самый большой в оркестре?;[Контрабас, Виолончель, Скрипка, Флейта]
Музыка;Средний;Кто основал группу The Beatles?;[Джон Леннон, Пол Маккартни, Джордж Харрисон, Ринго Старр]
Музыка;Средний;В каком году вышел альбом «Thriller» Майкла Джексона?;[1982, 1985, 1980, 1988]
Музыка;Средний;Кто написал «Четыре времени года»?;[Вивальди, Бах, Моцарт, Бетховен]
Музыка;Средний;Сколько голосов в оперном квартете?;[4, 3, 5, 2]
Музыка;Средний;Какой музыкальный инструмент называется «король инструментов»?;[Орган, Фортепиано, Скрипка, Труба]
Музыка;Сложный;Кто написал симфонию №9 «Хоровая»?;[Бетховен, Моцарт, Брамс, Шуберт]
Музыка;Сложный;Кто написал «Времена года»?;[Вивальди, Бах, Гендель, Перголези]
Музыка;Сложный;Кто написал «Клятвопреступление»?;[Джузеппе Верди, Джакомо Пуччини, Риккардо Зандонаи, Амилкаре Понкьелли]
Музыка;Сложный;Кто написал «Свадьбу Фигаро»?;[Моцарт, Гайдн, Бетховен, Шуберт]
Музыка;Сложный;Кто написал «Кармен»?;[Жорж Бизе, Шарль Гуно, Джакомо Пуччини, Рихард Вагнер]
Кино;Легкий;Кто сыграл Джека в «Титанике»?;[Леонардо Ди Каприо, Брэд Питт, Том Круз, Джонни Депп]
Кино;Легкий;Как называется первая часть «Звёздных войн»?;[Эпизод IV, Эпизод I, Эпизод II, Эпизод III]
Кино;Легкий;Кто режиссёр «Крёстного отца»?;[Фрэнсис Форд Коппола, Стивен Спилберг, Мартин Скорсезе, Квентин Тарантино]
Кино;Легкий;Сколько «Оскаров» получил «Титаник»?;[11, 10, 9, 12]
Кино;Легкий;Кто снял фильм «Криминальное чтиво»?;[Квентин Тарантино, Гай Ричи, Дэвид Финчер, Райан Джонсон]
Кино;Средний;В каком году вышел первый «Звёздный путь» фильм?;[1979, 1975, 1982, 1985]
Кино;Средний;Кто сыграл Гарри Поттера в фильмах?;[Дэниел Рэдклифф, Руперт Гринт, Том Фелтон, Эмма Уотсон]
Кино;Средний;Кто режиссёр фильма «Начало»?;[Кристофер Нолан, Джеймс Кэмерон, Питер Джексон, Джордж Лукас]
Кино;Средний;В каком году вышел первый фильм «Матрица»?;[1999, 1997, 2001, 1995]
Кино;Средний;Кто сыграл Железного человека?;[Роберт Дауни мл., Крис Эванс, Марк Руффало, Крис Хемсворт]
Кино;Сложный;Кто снял фильм «Апокалипсис сегодня»?;[Фрэнсис Форд Коппола, Стивен Спилберг, Джордж Лукас, Мартин Скорсезе]
Кино;Сложный;Кто снял фильм «2001 год: Космическая одиссея»?;[Стэнли Кубрик, Альфред Хичкок, Фрэнсис Форд Коппола, Стивен Спилберг]
Кино;Сложный;Кто снял фильм «Паразиты»?;[Пон Джун-хо, Акира Куросава, Ким Ки Дук, Ли Чхан Дон]
Кино;Сложный;Кто снял фильм «Бойцовский клуб»?;[Дэвид Финчер, Тодд Филд, Терри Гиллиам, Майкл Бэй]
Кино;Сложный;Кто снял фильм «Сияние»?;[Стэнли Кубрик, Альфред Хичкок, Уильям Фридкин, Джордж Ромеро]
Игры;Легкий;Как называется игра про злых птиц?;[Angry Birds, Candy Crush, Clash of Clans, Pokemon GO]
Игры;Легкий;Сколько игроков в Minecraft?;[Бесконечно, 10, 50, 100]
Игры;Легкий;Кто создал серию игр «The Legend of Zelda»?;[Нинтендо, Sony, Microsoft, EA]
Игры;Легкий;В каком году вышел первый «Grand Theft Auto»?;[1997, 1995, 2000, 1998]
Игры;Легкий;Как называется игра про выживание с крафтом?;[Minecraft, Terraria, Subnautica, Rust]
Игры;Средний;Кто разрабатывает серию «The Witcher»?;[CD Projekt Red, Ubisoft, Bethesda, BioWare]
Игры;Средний;Как называется игра про супергероев от Rockstar?;[Red Dead Redemption, GTA, Max Payne, Bully]
Игры;Средний;Кто создал игру «Doom»?;[id Software, Epic Games, Valve, Bungie]
Игры;Средний;Как называется игра про шахты и сокровища?;[Minecraft, Terraria, Don't Starve, Factorio]
Игры;Средний;В каком году вышла игра «The Last of Us»?;[2013, 2015, 2010, 2018]
Игры;Сложный;Кто создал игру «Minecraft»?;[Маркус Перссон, Нотч, Джефф, Крис]
Игры;Сложный;Как называется игра про космические сражения от Microsoft?;[Halo, Gears of War, Fable, Age of Empires]
Игры;Сложный;Кто создал игру «Dark Souls»?;[FromSoftware, Capcom, Konami, Square Enix]
Игры;Сложный;Как называется игра про выживание в постапокалипсисе?;[Fallout, The Elder Scrolls, Skyrim, Oblivion]
Игры;Сложный;Кто создал игру «Half-Life»?;[Valve, Epic Games, id Software, BioWare]
Кулинария;Легкий;Из чего делают суши?;[Рис, Паста, Картофель, Баклажан]
Кулинария;Легкий;Какой фрукт используется для бананового хлеба?;[Банан, Яблоко, Груша, Апельсин]
Кулинария;Легкий;Что такое паста карбонара?;[Макароны с беконом и яйцом, Паста с томатным соусом, Паста с грибами, Паста с креветками]
Кулинария;Легкий;Какая специя придаёт жёлтый цвет рису?;[Шафран, Куркума, Паприка, Карри]
Кулинария;Легкий;Что такое суфле?;[Воздушный десерт, Суп, Салат, Мясо]
Кулинария;Средний;Какой сыр используется для пиццы Маргарита?;[Моцарелла, Пармезан, Чеддер, Гауда]
Кулинария;Средний;Из чего делают хумус?;[Нут, Фасоль, Чечевица, Горох]
Кулинария;Средний;Что такое тако?;[Мексиканское блюдо, Китайское блюдо, Индийское блюдо, Японское блюдо]
Кулинария;Средний;Какая рыба используется для сашими?;[Сырая рыба, Варёная рыба, Жареная рыба, Копчёная рыба]
Кулинария;Средний;Что такое ризотто?;[Итальянское блюдо из риса, Французское блюдо из картофеля, Испанское блюдо из пасты, Немецкое блюдо из мяса]
Кулинария;Сложный;Как называется японское блюдо из сырой рыбы?;[Сашими, Суши, Рамен, Темпура]
Кулинария;Сложный;Что такое фо-бо?;[Вьетнамский суп, Китайский суп, Японский суп, Корейский суп]
Кулинария;Сложный;Какой ингредиент используется для тирамису?;[Маскарпоне, Рикотта, Пармезан, Моцарелла]
Кулинария;Сложный;Что такое гуакамоле?;[Соус из авокадо, Соус из томатов, Соус из чеснока, Соус из перца]
Кулинария;Сложный;Как называется французский пирог с заварным кремом?;[Квеш, Тарт, Пон, Круассан]
Животные;Легкий;Сколько ног у паука?;[8, 6, 4, 10]
Животные;Легкий;Какой зверь самый быстрый?;[Гепард, Лев, Тигр, Леопард]
Животные;Легкий;Какая птица не умеет летать?;[Страус, Орёл, Сокол, Воробей]
Животные;Легкий;Сколько сердец у осьминога?;[3, 2, 4, 1]
Животные;Легкий;Какой зверь спит стоя?;[Лошадь, Корова, Свинья, Коза]
Животные;Средний;Какое животное имеет самый большой мозг?;[Кит, Слон, Человек, Дельфин]
Животные;Средний;Какая птица самая большая?;[Страус, Пингвин, Орёл, Аист]
Животные;Средний;Сколько ног у краба?;[10, 8, 6, 12]
Животные;Средний;Какое животное самое высокое?;[Жираф, Слон, Лошадь, Олень]
Животные;Средний;Какая рыба самая большая?;[Китовая акула, Белая акула, Тунец, Лосось]
Животные;Сложный;Какое животное имеет самый большой мозг у беспозвоночных?;[Осьминог, Слон, Кит, Дельфин]
Животные;Сложный;Какая змея самая ядовитая?;[Тайпан, Кобра, Гремучая змея, Анаконда]
Животные;Сложный;Какое животное самое медленное?;[Ленивец, Черепаха, Улитка, Двухпалый ленивец]
Животные;Сложный;Сколько зубов у акул за всю жизнь?;[30000, 10000, 5000, 15000]
Животные;Сложный;Какое животное может жить без воды дольше всех?;[Верблюд, Тушканчик, Крыса, Мышь]
Космос;Легкий;Сколько планет в Солнечной системе?;[8, 9, 7, 10]
Космос;Легкий;Какая планета красная?;[Марс, Венера, Юпитер, Сатурн]
Космос;Легкий;Что такое чёрная дыра?;[Область с сильной гравитацией, Звезда, Планета, Галактика]
Космос;Легкий;Сколько времени свету от Солнца до Земли?;[8 минут, 5 минут, 10 минут, 15 минут]
Космос;Легкий;Какая галактика ближе всего к Млечному Пути?;[Андромеда, Треугольник, Сомбреро, Мессье]
Космос;Лёгкий;Как называется наша планета?;[Земля, Марс, Венера, Меркурий]
Космос;Лёгкий;Что освещает Землю днём?;[Солнце, Луна, Звезда, Комета]
Космос;Лёгкий;Какой объект светит отражённым светом?;[Луна, Солнце, Звезда, Астероид]
Космос;Лёгкий;Сколько спутников у Марса?;[2, 1, 3, нет спутников]
Космос;Лёгкий;Какая планета самая горячая?;[Венера, Меркурий, Земля, Марс]
Космос;Лёгкий;Как называется путь, по которому движется планета вокруг Солнца?;[Орбита, Траектория, Дуга, Круг]
Космос;Лёгкий;Какого цвета планета Уран?;[Голубой, Красный, Жёлтый, Зелёный]
Космос;Лёгкий;Что такое комета?;[Небесное тело с хвостом, Звезда, Планета, Спутник]
Космос;Лёгкий;Какое небесное тело вызывает приливы и отливы на Земле?;[Луна, Солнце, Марс, Венера]
Космос;Лёгкий;Как называется группа звёзд, образующая узнаваемый узор?;[Созвездие, Галактика, Скопление, Туманность]
Космос;Средний;Как называется первый искусственный спутник Земли?;[Спутник‑1, Восток‑1, Союз‑1, Луна‑1]
Космос;Средний;Кто был первой женщиной‑космонавтом?;[Валентина Терешкова, Светлана Савицкая, Анна Кикина, Елена Серова]
Космос;Средний;Когда состоялся первый полёт человека в космос?;[1961, 1957, 1969, 1975]
Космос;Средний;Какой объект в Солнечной системе самый массивный?;[Солнце, Юпитер, Сатурн, Земля]
Космос;Средний;Что такое астероид?;[Небольшое каменное небесное тело, Комета, Звезда, Спутник планеты]
Космос;Средний;Какая планета известна как «утренняя звезда»?;[Венера, Меркурий, Марс, Юпитер]
Космос;Средний;Как называется защитный костюм космонавта?;[Скафандр, Гидрокостюм, Комбинезон, Костюм химзащиты]
Космос;Средний;Что такое метеорит?;[Космическое тело, упавшее на поверхность планеты, Звезда, Облако газа, Спутник]
Космос;Средний;На какой планете находится гора Олимп — самая высокая гора в Солнечной системе?;[Марс, Венера, Земля, Юпитер]
Космос;Средний;Как называется явление, когда Луна закрывает Солнце?;[Солнечное затмение, Лунное затмение, Парад планет, Суперлуние]
Космос;Средний;Кто первый вышел в открытый космос?;[Алексей Леонов, Юрий Гагарин, Нил Армстронг, Базз Олдрин]
Космос;Средний;Какая планета самая большая?;[Юпитер, Сатурн, Уран, Нептун]
Космос;Средний;Сколько спутников у Земли?;[1, 2, 3, 4]
Космос;Средний;Какая планета имеет кольца?;[Сатурн, Юпитер, Уран, Нептун]
Космос;Средний;Что такое туманность?;[Облако газа и пыли, Звезда, Планета, Галактика]
Космос;Сложный;Кто был первым человеком в космосе?;[Юрий Гагарин, Нил Армстронг, Алексей Леонов, Герман Титов]
Космос;Сложный;Какая планета вращается «лежа на боку»?;[Уран, Нептун, Сатурн, Юпитер]
Космос;Сложный;Сколько звёзд в Млечном Пути?;[100-400 млрд, 50-100 млрд, 1-10 млрд, 1 трлн]
Космос;Сложный;Что такое пульсар?;[Нейтронная звезда, Чёрная дыра, Белый карлик, Красный гигант]
Космос;Сложный;Как называется ближайшая к Земле звезда после Солнца?;[Проксима Центавра, Сириус, Альфа Центавра A, Вега]
Космос;Сложный;Что такое экзопланета?;[Планета за пределами Солнечной системы, Спутник планеты, Астероид, Комета]
Космос;Сложный;Какой космический аппарат первым покинул пределы Солнечной системы?;[«Вояджер‑1», «Пионер‑10», «Новые горизонты», «Кассини»]
Космос;Сложный;Какое явление возникает при столкновении нейтронных звёзд?;[Гравитационные волны, Сверхновая, Чёрная дыра, Пульсар]
Космос;Сложный;Что представляет собой «реликтовое излучение»?;[Эхо Большого взрыва, Излучение чёрных дыр, Солнечный ветер, Излучение пульсаров]
Космос;Сложный;Какая планета Солнечной системы имеет самый короткий день?;[Юпитер, Сатурн, Уран, Нептун]
Космос;Сложный;Как называется процесс образования звёзд из газопылевых облаков?;[Гравитационный коллапс, Нуклеосинтез, Термоядерная реакция, Диффузия]
Космос;Сложный;Что такое «парад планет»?;[Выравнивание планет в одной части неба, Совпадение орбит, Столкновение планет, Совпадение фаз Луны и планет]
Космос;Сложный;Какая галактика столкнётся с Млечным Путём?;[Андромеда, Треугольник, Сомбреро, Мессье]
Физика;Легкий;Единица измерения силы тока?;[Ампер, Вольт, Ватт, Ом]
Физика;Легкий;Какая сила притягивает предметы к Земле?;[Гравитация, Магнетизм, Электричество, Ядерная]
Физика;Легкий;Скорость звука в воздухе?;[340 м/с, 300 м/с, 400 м/с, 250 м/с]
Физика;Легкий;Что такое масса?;[Количество вещества, Сила, Вес, Объём]
Физика;Легкий;Кто открыл закон всемирного тяготения?;[Ньютон, Эйнштейн, Галилей, Кеплер]
Физика;Средний;Какая формула E=mc??;[Энергия, Сила, Масса, Скорость]
Физика;Средний;Что такое квант?;[Минимальная порция энергии, Максимальная порция, Средняя порция, Средняя скорость]
Физика;Средний;Тело массой 2 кг движется по горизонтальной поверхности с ускорением 3 м/с². Чему равна сила, действующая на тело, если сила трения составляет 4 Н?;[6 H, 8 H, 4 H, 5 H]
Физика;Средний;Какой закон описывает движение тел?;[Закон Ньютона, Закон Кеплера, Закон Ома, Закон Бойля]
Физика;Средний;Что такое энтропия?;[Мера беспорядка, Мера порядка, Мера скорости, Мера массы]
Физика;Средний;Какая единица измерения мощности?;[Ватт, Джоуль, Ньютон, Паскаль]
Физика;Сложный;Кто создал теорию относительности?;[Эйнштейн, Ньютон, Галилей, Максвелл]
Физика;Сложный;Что такое кварк?;[Элементарная частица, Атом, Молекула, Ион]
Физика;Сложный;Какая частица не имеет массы?;[Фотон, Электрон, Протон, Нейтрон]
Физика;Сложный;Что такое суперпозиция?;[Сложение волн, Разложение волн, Умножение волн, Деление волн]
Физика;Сложный;Какой закон описывает электромагнитную индукцию?;[Закон Фарадея, Закон Ома, Закон Кирхгофа, Закон Ампера]
Химия;Легкий;Какой газ поддерживает горение?;[Кислород, Азот, Водород, Углекислый]
Химия;Легкий;pH воды равен?;[7, 5, 9, 10]
Химия;Легкий;Что такое H2SO4?;[Серная кислота, Соляная кислота, Азотная кислота, Угольная кислота]
Химия;Легкий;Какой металл жидкий при комнатной температуре?;[Ртуть, Свинец, Олово, Цинк]
Химия;Легкий;Кто создал периодическую таблицу?;[Менделеев, Бойль, Дальтон, Авогадро]
Химия;Средний;Сколько элементов в таблице Менделеева?;[118, 100, 120, 115]
Химия;Средний;Что такое изотоп?;[Вариант элемента, Вариант молекулы, Вариант атома, Вариант иона]
Химия;Средний;Какой газ самый лёгкий?;[Водород, Гелий, Азот, Кислород]
Химия;Средний;Что такое окисление?;[Потеря электронов, Приобретение электронов, Потеря протонов, Приобретение протонов]
Химия;Средний;Какой металл самый твёрдый?;[Хром, Железо, Медь, Алюминий]
Химия;Сложный;Кто открыл радиоактивность?;[Мария Кюри, Альберт Эйнштейн, Нильс Бор, Вернер Гейзенберг]
Химия;Сложный;Что такое аллотропия?;[Разные формы одного элемента, Разные элементы, Разные молекулы, Разные ионы]
Химия;Сложный;Какой элемент имеет символ Au?;[Золото, Серебро, Медь, Железо]
Химия;Сложный;Что такое катализатор?;[Вещество ускоряет реакцию, Вещество замедляет реакцию, Вещество не влияет, Вещество останавливает]
Химия;Сложный;Какой элемент самый электроотрицательный?;[Фтор, Хлор, Кислород, Азот]
Биология;Легкий;Сколько хромосом у человека?;[46, 23, 48, 44]
Биология;Лёгкий;Как называется зелёный пигмент в листьях растений?;[Хлорофилл, Каротин, Ксантофилл, Антоциан]
Биология;Лёгкий;Какой орган отвечает за дыхание у человека?;[Лёгкие, Печень, Почки, Сердце]
Биология;Лёгкий;Что растения выделяют в процессе фотосинтеза?;[Кислород, Углекислый газ, Азот, Водород]
Биология;Лёгкий;Как называются клетки крови, переносящие кислород?;[Эритроциты, Лейкоциты, Тромбоциты, Лимфоциты]
Биология;Лёгкий;Какое животное относится к млекопитающим?;[Дельфин, Акула, Крокодил, Лягушка]
Биология;Легкий;Какая клетка самая большая?;[Яйцеклетка, Нейрон, Эритроцит, Лейкоцит]
Биология;Легкий;Что такое ДНК?;[Носитель генетической информации, Белок, Липид, Углевод]
Биология;Легкий;Сколько камер у сердца человека?;[4, 2, 3, 5]
Биология;Легкий;Кто открыл структуру ДНК?;[Уотсон и Крик, Мендель, Дарвин, Мечников]
Биология;Средний;Как называется процесс деления клетки?;[Митоз, Мейоз, Фагоцитоз, Осмос]
Биология;Средний;Как называется процесс превращения гусеницы в бабочку?;[Метаморфоз, Митоз, Мейоз, Регенерация]
Биология;Средний;Какой витамин вырабатывается в коже под действием солнечных лучей?;[Витамин D, Витамин C, Витамин A, Витамин B12]
Биология;Средний;Что такое фермент?;[Биологический катализатор, Гормон, Витамин, Минерал]
Биология;Средний;Какая система организма отвечает за выработку гормонов?;[Эндокринная, Нервная, Пищеварительная, Опорно‑двигательная]
Биология;Средний;Как называется основная структурная единица нервной системы?;[Нейрон, Нефрон, Остеон, Альвеола]
Биология;Средний;Какая ткань соединяет мышцы с костями?;[Сухожилие, Связка, Хрящ, Кость]
Биология;Средний;Сколько костей в теле взрослого человека?;[206, 200, 210, 215]
Биология;Средний;Какой орган фильтрует кровь?;[Почки, Печень, Сердце, Лёгкие]
Биология;Средний;Что такое фотосинтез?;[Процесс создания пищи растениями, Процесс дыхания, Процесс роста, Процесс размножения]
Биология;Сложный;Как называется процесс самоуничтожения клетки?;[Апоптоз, Митоз, Фагоцитоз, Пиноцитоз]
Биология;Сложный;Какой процесс обеспечивает образование половых клеток?;[Мейоз, Митоз, Репликация, Транскрипция]
Биология;Сложный;Что такое гомеостаз?;[Поддержание постоянства внутренней среды, Процесс деления клеток, Способ передачи генов, Тип обмена веществ]
Биология;Сложный;Какая молекула служит непосредственной матрицей для синтеза белка?;[иРНК, ДНК, тРНК, рРНК]
Биология;Сложный;Как называется совокупность всех генов организма?;[Генотип, Фенотип, Кариотип, Геном]
Биология;Сложный;Кто считается отцом генетики?;[Грегор Мендель, Чарльз Дарвин, Луи Пастер, Роберт Кох]
Биология;Сложный;Какая клетка производит антитела?;[B-лимфоциты, T-лимфоциты, Эритроциты, Тромбоциты]
Биология;Сложный;Что такое митохондрия?;[Энергетическая станция клетки, Ядро клетки, Рибосома, Лизосома]
Биология;Сложный;Какой гормон регулирует уровень сахара?;[Инсулин, Адреналин, Тестостерон, Эстроген]
Биология;Сложный;Сколько пар хромосом у человека?;[23, 46, 22, 24]
Спорт;Легкий;Сколько игроков в футбольной команде на поле?;[11, 10, 12, 9]
Спорт;Легкий;В каком виде спорта используется мяч?;[Футбол, Бокс, Плавание, Лыжи]
Спорт;Легкий;Где проходили первые Олимпийские игры?;[Афины, Рим, Париж, Лондон]
Спорт;Легкий;Сколько колец на олимпийском флаге?;[5, 6, 4, 7]
Спорт;Легкий;Кто держит рекорд по золотым медалям на Олимпиадах?;[Майкл Фелпс, Усэйн Болт, Лариса Латынина, Карл Льюис]
Спорт;Средний;В каком году Россия принимала Чемпионат мира по футболу?;[2018, 2014, 2022, 2010]
Спорт;Средний;Сколько минут в футбольном матче?;[90, 80, 100, 70]
Спорт;Средний;Какой спорт называют королём спорта?;[Футбол, Бокс, Лёгкая атлетика, Плавание]
Спорт;Средний;Где проходили Олимпийские игры 2008?;[Пекин, Лондон, Рио, Токио]
Спорт;Средний;Сколько очков за 3-очковый бросок в баскетболе?;[3, 2, 1, 4]
Спорт;Сложный;Кто держит рекорд по голам в карьере?;[Криштиану Роналду, Лионель Месси, Пеле, Марадона]
Спорт;Сложный;В каком году Россия принимала Олимпиаду?;[2014, 2018, 2012, 2016]
Спорт;Сложный;Какой вид спорта самый популярный в мире?;[Футбол, Баскетбол, Теннис, Крикет]
Спорт;Сложный;Сколько очков в теннисном сете?;[6, 5, 7, 4]
Спорт;Сложный;Кто выиграл больше всего «Золотых мячей»?;[Лионель Месси, Криштиану Роналду, Йохан Кройф, Мишель Платини]
